기간,자치구행정동명,인구,면적,인구밀도
2015,강남구 개포1동,21700,1.27,17087
2015,강남구 개포2동,27354,2.51,10898
2015,강남구 개포4동,22135,1.49,14856
2015,강남구 논현1동,25307,1.25,20246
2015,강남구 논현2동,23082,1.47,15702
2015,강남구 대치1동,23283,0.79,29472
2015,강남구 대치2동,42565,2.0,21283
2015,강남구 대치4동,21630,0.73,29630
2015,강남구 도곡1동,22693,1.02,22248
2015,강남구 도곡2동,35307,1.02,34615
2015,강남구 삼성1동,15531,1.94,8006
2015,강남구 삼성2동,31343,1.24,25277
2015,강남구 세곡동,43302,6.36,6808
2015,강남구 수서동,15732,1.43,11001
2015,강남구 신사동,18570,1.89,9825
2015,강남구 압구정동,28735,2.53,11358
2015,강남구 역삼1동,36450,2.35,15511
2015,강남구 역삼2동,36314,1.15,31577
2015,강남구 일원1동,17627,0.92,19160
2015,강남구 일원2동,16621,1.24,13404
2015,강남구 일원본동,25350,2.58,9826
2015,강남구 청담동,31129,2.33,13360
2015,강동구 강일동,34023,2.8,12151
2015,강동구 고덕1동,16548,1.73,9565
2015,강동구 고덕2동,9223,2.01,4589
2015,강동구 길동,51720,2.17,23834
2015,강동구 둔촌2동,28988,0.98,29580
2015,강동구 명일1동,23430,0.61,38410
2015,강동구 명일2동,18672,0.97,19249
2015,강동구 상일동,24471,2.65,9234
2015,강동구 성내1동,19657,0.58,33891
2015,강동구 성내2동,26227,0.67,39145
2015,강동구 성내3동,25189,0.71,35477
2015,강동구 암사1동,37753,1.02,37013
2015,강동구 암사2동,16159,1.18,13694
2015,강동구 암사3동,19249,2.51,7669
2015,강동구 천호1동,29636,0.71,41741
2015,강동구 천호2동,37065,1.57,23608
2015,강동구 천호3동,26047,0.79,32971
2015,강북구 미아동,23756,0.73,32542
2015,강북구 번1동,20541,0.55,37347
2015,강북구 번2동,18746,1.25,14997
2015,강북구 번3동,20235,0.86,23529
2015,강북구 삼각산동,34782,0.62,56100
2015,강북구 삼양동,30085,0.95,31668
2015,강북구 송중동,31068,1.22,25466
2015,강북구 송천동,30453,0.88,34606
2015,강북구 수유1동,22927,1.07,21427
2015,강북구 수유2동,22644,0.73,31019
2015,강북구 수유3동,23953,0.86,27852
2015,강북구 우이동,21904,10.95,2000
2015,강북구 인수동,33332,2.93,11376
2015,강서구 가양1동,24996,4.7,5318
2015,강서구 가양2동,16775,1.0,16775
2015,강서구 가양3동,17696,0.99,17875
2015,강서구 공항동,21088,10.87,1940
2015,강서구 등촌1동,22726,0.59,38519
2015,강서구 등촌2동,21706,0.92,23593
2015,강서구 등촌3동,35567,0.79,45022
2015,강서구 발산1동,40424,2.96,13657
2015,강서구 방화1동,43914,1.04,42225
2015,강서구 방화2동,25212,6.41,3933
2015,강서구 방화3동,26257,2.38,11032
2015,강서구 염창동,42118,1.74,24206
2015,강서구 우장산동,47069,1.36,34610
2015,강서구 화곡1동,53295,1.12,47585
2015,강서구 화곡2동,20246,0.47,43077
2015,강서구 화곡3동,23556,0.51,46188
2015,강서구 화곡4동,23382,0.82,28515
2015,강서구 화곡6동,25778,1.12,23016
2015,강서구 화곡8동,27311,0.53,51530
2015,강서구 화곡본동,36575,1.11,32950
2015,관악구 낙성대동,18368,2.27,8092
2015,관악구 난곡동,30810,0.96,32094
2015,관악구 난향동,17257,0.8,21571
2015,관악구 남현동,18568,3.27,5678
2015,관악구 대학동,23766,8.3,2863
2015,관악구 미성동,34030,1.38,24659
2015,관악구 보라매동,26976,0.76,35495
2015,관악구 삼성동,28164,2.66,10588
2015,관악구 서림동,25468,0.99,25725
2015,관악구 서원동,24108,0.65,37089
2015,관악구 성현동,34294,0.68,50432
2015,관악구 신림동,20867,0.54,38643
2015,관악구 신사동,26976,0.64,42150
2015,관악구 신원동,20389,0.55,37071
2015,관악구 은천동,36699,0.78,47050
2015,관악구 인헌동,28098,1.08,26017
2015,관악구 조원동,20489,0.67,30581
2015,관악구 중앙동,15359,0.39,39382
2015,관악구 청룡동,30849,1.18,26143
2015,관악구 청림동,17128,0.3,57093
2015,관악구 행운동,30368,0.72,42178
2015,광진구 광장동,36917,2.39,15446
2015,광진구 구의1동,23510,0.56,41982
2015,광진구 구의2동,25879,1.39,18618
2015,광진구 구의3동,30067,1.02,29477
2015,광진구 군자동,22091,0.74,29853
2015,광진구 능동,11712,1.1,10647
2015,광진구 자양1동,24151,0.57,42370
2015,광진구 자양2동,27877,1.68,16593
2015,광진구 자양3동,31227,1.2,26023
2015,광진구 자양4동,28033,1.16,24166
2015,광진구 중곡1동,16526,0.62,26655
2015,광진구 중곡2동,22610,0.55,41109
2015,광진구 중곡3동,18120,0.6,30200
2015,광진구 중곡4동,32041,2.32,13811
2015,광진구 화양동,24419,1.16,21051
2015,구로구 가리봉동,18934,0.4,47335
2015,구로구 개봉1동,36032,1.31,27505
2015,구로구 개봉2동,34765,0.8,43456
2015,구로구 개봉3동,22472,0.81,27743
2015,구로구 고척1동,25646,1.16,22109
2015,구로구 고척2동,30491,1.02,29893
2015,구로구 구로1동,22886,1.02,22437
2015,구로구 구로2동,38125,1.76,21662
2015,구로구 구로3동,28449,1.02,27891
2015,구로구 구로4동,29517,0.46,64167
2015,구로구 구로5동,34993,1.03,33974
2015,구로구 수궁동,25832,2.67,9675
2015,구로구 신도림동,38233,1.47,26009
2015,구로구 오류1동,21999,0.59,37286
2015,구로구 오류2동,46230,4.6,10050
2015,금천구 가산동,23926,2.5,9570
2015,금천구 독산1동,34010,2.09,16273
2015,금천구 독산2동,23644,0.6,39407
2015,금천구 독산3동,32016,0.92,34800
2015,금천구 독산4동,19806,0.59,33569
2015,금천구 시흥1동,38520,1.71,22526
2015,금천구 시흥2동,24445,1.26,19401
2015,금천구 시흥3동,12689,1.07,11859
2015,금천구 시흥4동,23953,0.87,27532
2015,금천구 시흥5동,23158,1.39,16660
2015,노원구 공릉1동,39942,1.41,28328
2015,노원구 공릉2동,45297,6.82,6642
2015,노원구 상계10동,19709,0.8,24636
2015,노원구 상계1동,42935,5.62,7640
2015,노원구 상계2동,22250,0.61,36475
2015,노원구 상계3.4동,31990,5.62,5692
2015,노원구 상계5동,28084,0.44,63827
2015,노원구 상계6.7동,35872,1.11,32317
2015,노원구 상계8동,26026,0.67,38845
2015,노원구 상계9동,23848,0.81,29442
2015,노원구 월계1동,22875,1.16,19720
2015,노원구 월계2동,28708,1.94,14798
2015,노원구 월계3동,34528,1.17,29511
2015,노원구 중계1동,29782,0.63,47273
2015,노원구 중계2.3동,40388,0.9,44876
2015,노원구 중계4동,22707,1.7,13357
2015,노원구 중계본동,28567,1.97,14501
2015,노원구 하계1동,29635,1.55,19119
2015,노원구 하계2동,25078,0.51,49173
2015,도봉구 도봉1동,23526,8.72,2698
2015,도봉구 도봉2동,29771,0.83,35869
2015,도봉구 방학1동,31622,0.69,45829
2015,도봉구 방학2동,22631,0.74,30582
2015,도봉구 방학3동,30909,2.64,11708
2015,도봉구 쌍문1동,22590,1.24,18218
2015,도봉구 쌍문2동,21294,0.54,39433
2015,도봉구 쌍문3동,18028,0.5,36056
2015,도봉구 쌍문4동,21102,0.52,40581
2015,도봉구 창1동,27881,0.88,31683
2015,도봉구 창2동,31123,1.07,29087
2015,도봉구 창3동,15821,0.67,23613
2015,도봉구 창4동,29838,0.96,31081
2015,도봉구 창5동,27105,0.7,38721
2015,동대문구 답십리1동,26582,0.84,31645
2015,동대문구 답십리2동,29504,0.8,36880
2015,동대문구 용신동,33210,1.61,20627
2015,동대문구 이문1동,32433,1.04,31186
2015,동대문구 이문2동,22888,0.69,33171
2015,동대문구 장안1동,38017,1.25,30414
2015,동대문구 장안2동,32289,1.09,29623
2015,동대문구 전농1동,31254,1.21,25830
2015,동대문구 전농2동,21234,0.86,24691
2015,동대문구 제기동,28850,1.18,24449
2015,동대문구 청량리동,24019,1.2,20016
2015,동대문구 회기동,12524,0.76,16479
2015,동대문구 휘경1동,15501,0.63,24605
2015,동대문구 휘경2동,25519,1.05,24304
2015,동작구 노량진1동,33850,1.58,21424
2015,동작구 노량진2동,15374,0.65,23652
2015,동작구 대방동,40321,1.55,26014
2015,동작구 사당1동,23877,0.79,30224
2015,동작구 사당2동,30939,2.75,11251
2015,동작구 사당3동,24835,0.92,26995
2015,동작구 사당4동,15279,0.38,40208
2015,동작구 사당5동,13718,0.57,24067
2015,동작구 상도1동,48387,1.51,32044
2015,동작구 상도2동,24880,0.97,25649
2015,동작구 상도3동,25490,0.6,42483
2015,동작구 상도4동,30151,0.75,40201
2015,동작구 신대방1동,28145,0.62,45395
2015,동작구 신대방2동,21587,1.03,20958
2015,동작구 흑석동,35941,1.68,21393
2015,마포구 공덕동,39391,1.01,39001
2015,마포구 대흥동,15405,0.88,17506
2015,마포구 도화동,23403,0.62,37747
2015,마포구 망원1동,22751,1.14,19957
2015,마포구 망원2동,20809,0.67,31058
2015,마포구 상암동,33875,8.4,4033
2015,마포구 서강동,26655,1.45,18383
2015,마포구 서교동,28125,1.65,17045
2015,마포구 성산1동,21272,0.8,26590
2015,마포구 성산2동,40265,2.07,19452
2015,마포구 신수동,20230,0.78,25936
2015,마포구 아현동,28884,0.76,38005
2015,마포구 연남동,19157,0.65,29472
2015,마포구 염리동,16005,0.43,37221
2015,마포구 용강동,22138,0.84,26355
2015,마포구 합정동,19986,1.69,11826
2015,서대문구 남가좌1동,11293,0.51,22143
2015,서대문구 남가좌2동,27549,0.77,35778
2015,서대문구 북가좌1동,19844,0.52,38162
2015,서대문구 북가좌2동,34629,0.84,41225
2015,서대문구 북아현동,11154,0.46,24248
2015,서대문구 신촌동,22545,2.63,8572
2015,서대문구 연희동,41860,3.05,13725
2015,서대문구 천연동,20114,0.97,20736
2015,서대문구 충현동,19376,1.12,17300
2015,서대문구 홍은1동,24842,1.58,15723
2015,서대문구 홍은2동,30401,2.06,14758
2015,서대문구 홍제1동,24438,1.23,19868
2015,서대문구 홍제2동,15446,1.05,14710
2015,서대문구 홍제3동,19614,0.81,24215
2015,서초구 내곡동,18742,12.68,1478
2015,서초구 반포1동,30849,1.0,30849
2015,서초구 반포2동,19881,1.35,14727
2015,서초구 반포3동,20920,1.28,16344
2015,서초구 반포4동,20745,1.43,14507
2015,서초구 반포본동,13317,1.01,13185
2015,서초구 방배1동,17538,0.7,25054
2015,서초구 방배2동,28361,1.93,14695
2015,서초구 방배3동,24400,2.4,10167
2015,서초구 방배4동,26446,0.98,26986
2015,서초구 방배본동,22153,0.67,33064
2015,서초구 서초1동,21385,1.42,15060
2015,서초구 서초2동,21467,1.24,17312
2015,서초구 서초3동,30491,2.93,10406
2015,서초구 서초4동,29056,0.88,33018
2015,서초구 양재1동,47859,5.76,8309
2015,서초구 양재2동,23633,7.58,3118
2015,서초구 잠원동,34015,1.76,19327
2015,성동구 금호1가동,13780,0.46,29957
2015,성동구 금호2.3가동,22962,0.64,35878
2015,성동구 금호4가동,14771,0.84,17585
2015,성동구 마장동,25060,1.06,23642
2015,성동구 사근동,12947,1.11,11664
2015,성동구 성수1가1동,17557,1.98,8867
2015,성동구 성수1가2동,17486,0.89,19647
2015,성동구 성수2가1동,20080,1.18,17017
2015,성동구 성수2가3동,12251,1.03,11894
2015,성동구 송정동,12063,0.68,17740
2015,성동구 옥수동,23281,1.95,11939
2015,성동구 왕십리2동,16540,0.41,40341
2015,성동구 왕십리도선동,20808,0.72,28900
2015,성동구 용답동,17207,2.32,7417
2015,성동구 응봉동,17019,0.57,29858
2015,성동구 행당1동,15129,0.59,25642
2015,성동구 행당2동,26124,0.42,62200
2015,성북구 길음1동,38048,0.79,48162
2015,성북구 길음2동,16300,0.58,28103
2015,성북구 돈암1동,17222,0.49,35147
2015,성북구 돈암2동,23722,0.48,49421
2015,성북구 동선동,16974,0.73,23252
2015,성북구 보문동,15018,0.56,26818
2015,성북구 삼선동,27936,0.92,30365
2015,성북구 석관동,35725,1.73,20650
2015,성북구 성북동,18536,2.86,6481
2015,성북구 안암동,18022,1.33,13550
2015,성북구 월곡1동,28751,0.81,35495
2015,성북구 월곡2동,21483,1.36,15796
2015,성북구 장위1동,23502,0.7,33574
2015,성북구 장위2동,20950,0.67,31269
2015,성북구 장위3동,14165,0.65,21792
2015,성북구 정릉1동,19372,0.44,44027
2015,성북구 정릉2동,24644,1.17,21063
2015,성북구 정릉3동,17801,3.71,4798
2015,성북구 정릉4동,27893,3.13,8912
2015,성북구 종암동,43496,1.46,29792
2015,송파구 가락1동,968,1.34,722
2015,송파구 가락2동,35434,0.96,36910
2015,송파구 가락본동,28918,1.13,25591
2015,송파구 거여1동,15228,0.51,29859
2015,송파구 거여2동,24101,0.53,45474
2015,송파구 마천1동,23255,0.58,40095
2015,송파구 마천2동,21683,0.89,24363
2015,송파구 문정1동,22013,0.56,39309
2015,송파구 문정2동,18824,2.2,8556
2015,송파구 방이1동,16617,0.5,33234
2015,송파구 방이2동,25848,0.8,32310
2015,송파구 삼전동,34293,0.95,36098
2015,송파구 석촌동,35478,0.95,37345
2015,송파구 송파1동,27046,0.79,34235
2015,송파구 송파2동,22275,0.53,42028
2015,송파구 오금동,37291,1.65,22601
2015,송파구 오륜동,19999,3.17,6309
2015,송파구 위례동,12030,2.55,4718
2015,송파구 잠실2동,37033,2.18,16988
2015,송파구 잠실3동,37094,1.49,24895
2015,송파구 잠실4동,30924,1.56,19823
2015,송파구 잠실6동,17826,2.79,6389
2015,송파구 잠실7동,10433,0.6,17388
2015,송파구 잠실본동,30898,0.94,32870
2015,송파구 장지동,35930,1.37,26226
2015,송파구 풍납1동,18782,0.77,24392
2015,송파구 풍납2동,27259,1.59,17144
2015,양천구 목1동,33380,1.41,23674
2015,양천구 목2동,31694,1.03,30771
2015,양천구 목3동,22050,0.53,41604
2015,양천구 목4동,28044,0.57,49200
2015,양천구 목5동,44545,1.81,24610
2015,양천구 신월1동,23851,0.65,36694
2015,양천구 신월2동,23422,0.61,38397
2015,양천구 신월3동,18461,0.87,21220
2015,양천구 신월4동,19914,0.52,38296
2015,양천구 신월5동,16490,0.69,23899
2015,양천구 신월6동,11841,0.41,28880
2015,양천구 신월7동,23919,1.19,20100
2015,양천구 신정1동,18979,0.7,27113
2015,양천구 신정2동,21953,0.52,42217
2015,양천구 신정3동,55866,2.72,20539
2015,양천구 신정4동,36196,1.01,35838
2015,양천구 신정6동,26375,0.96,27474
2015,양천구 신정7동,32030,1.21,26471
2015,영등포구 당산1동,21433,0.75,28577
2015,영등포구 당산2동,36016,1.55,23236
2015,영등포구 대림1동,18946,0.49,38665
2015,영등포구 대림2동,24461,0.55,44475
2015,영등포구 대림3동,31178,1.0,31178
2015,영등포구 도림동,23650,0.89,26573
2015,영등포구 문래동,32126,1.49,21561
2015,영등포구 신길1동,22246,0.66,33706
2015,영등포구 신길3동,16576,0.48,34533
2015,영등포구 신길4동,13186,0.35,37674
2015,영등포구 신길5동,17854,0.47,37987
2015,영등포구 신길6동,23903,0.68,35151
2015,영등포구 신길7동,15212,0.64,23769
2015,영등포구 양평1동,17334,0.88,19698
2015,영등포구 양평2동,22227,3.0,7409
2015,영등포구 여의동,34094,8.41,4054
2015,영등포구 영등포동,20471,1.26,16247
2015,영등포구 영등포본동,26898,1.02,26371
2015,용산구 남영동,8643,1.19,7263
2015,용산구 보광동,17289,0.71,24351
2015,용산구 서빙고동,14342,2.8,5122
2015,용산구 용문동,13027,0.28,46525
2015,용산구 용산2가동,13106,1.96,6687
2015,용산구 원효로1동,14330,0.59,24288
2015,용산구 원효로2동,15709,0.71,22125
2015,용산구 이촌1동,29002,2.86,10141
2015,용산구 이촌2동,9663,1.22,7920
2015,용산구 이태원1동,9030,0.57,15842
2015,용산구 이태원2동,11154,0.86,12970
2015,용산구 청파동,22366,0.91,24578
2015,용산구 한강로동,16424,2.9,5663
2015,용산구 한남동,24324,3.01,8081
2015,용산구 효창동,9816,0.44,22309
2015,용산구 후암동,19684,0.86,22888
2015,은평구 갈현1동,25892,0.97,26693
2015,은평구 갈현2동,30309,0.96,31572
2015,은평구 구산동,34330,1.38,24877
2015,은평구 녹번동,32347,1.79,18071
2015,은평구 대조동,33327,0.85,39208
2015,은평구 불광1동,42770,3.13,13665
2015,은평구 불광2동,29328,1.38,21252
2015,은평구 수색동,16723,1.29,12964
2015,은평구 신사1동,28541,0.84,33977
2015,은평구 신사2동,22193,1.0,22193
2015,은평구 역촌동,49903,1.16,43020
2015,은평구 응암1동,32806,1.2,27338
2015,은평구 응암2동,23264,0.78,29826
2015,은평구 응암3동,27254,0.63,43260
2015,은평구 증산동,19978,0.81,24664
2015,은평구 진관동,53613,11.52,4654
2015,종로구 가회동,4961,0.54,9187
2015,종로구 교남동,4875,0.35,13929
2015,종로구 무악동,8619,0.36,23942
2015,종로구 부암동,11217,2.27,4941
2015,종로구 사직동,10033,1.23,8157
2015,종로구 삼청동,3174,1.49,2130
2015,종로구 숭인1동,7232,0.23,31443
2015,종로구 숭인2동,9983,0.35,28523
2015,종로구 이화동,9216,0.78,11815
2015,종로구 종로1.2.3.4가동,8786,2.35,3739
2015,종로구 종로5·6가동,6057,0.6,10095
2015,종로구 창신1동,6862,0.31,22135
2015,종로구 창신2동,11040,0.26,42462
2015,종로구 창신3동,7933,0.23,34491
2015,종로구 청운효자동,14354,2.57,5585
2015,종로구 평창동,19414,8.87,2189
2015,종로구 혜화동,20066,1.12,17916
2015,중구 광희동,5817,0.74,7861
2015,중구 다산동,16004,0.51,31380
2015,중구 동화동,11683,0.26,44935
2015,중구 명동,3521,0.99,3557
2015,중구 소공동,1869,0.95,1967
2015,중구 신당5동,10449,0.39,26792
2015,중구 신당동,9042,0.55,16440
2015,중구 약수동,19002,0.48,39588
2015,중구 을지로동,1854,0.6,3090
2015,중구 장충동,5903,1.36,4340
2015,중구 중림동,8979,0.48,18706
2015,중구 청구동,15555,0.34,45750
2015,중구 필동,5101,1.14,4475
2015,중구 황학동,13287,0.33,40264
2015,중구 회현동,6263,0.84,7456
2015,중랑구 망우3동,18415,0.99,18601
2015,중랑구 망우본동,33611,2.88,11670
2015,중랑구 면목2동,27560,0.73,37753
2015,중랑구 면목3.8동,28620,1.67,17138
2015,중랑구 면목4동,22345,1.1,20314
2015,중랑구 면목5동,11607,0.64,18136
2015,중랑구 면목7동,24004,0.87,27591
2015,중랑구 면목본동,36575,1.01,36213
2015,중랑구 묵1동,34885,1.2,29071
2015,중랑구 묵2동,19613,0.7,28019
2015,중랑구 상봉1동,26320,0.85,30965
2015,중랑구 상봉2동,18629,0.68,27396
2015,중랑구 신내1동,42150,2.53,16660
2015,중랑구 신내2동,23913,0.99,24155
2015,중랑구 중화1동,21283,0.68,31299
2015,중랑구 중화2동,29090,0.98,29684
2016,강남구 개포1동,21162,1.27,16663
2016,강남구 개포2동,21746,2.51,8664
2016,강남구 개포4동,18550,1.49,12450
2016,강남구 논현1동,24867,1.25,19894
2016,강남구 논현2동,22639,1.47,15401
2016,강남구 대치1동,24834,0.79,31435
2016,강남구 대치2동,42068,2.0,21034
2016,강남구 대치4동,21292,0.73,29167
2016,강남구 도곡1동,23057,1.02,22605
2016,강남구 도곡2동,34934,1.02,34249
2016,강남구 삼성1동,15357,1.94,7916
2016,강남구 삼성2동,30999,1.24,24999
2016,강남구 세곡동,44344,6.36,6972
2016,강남구 수서동,16708,1.43,11684
2016,강남구 신사동,18349,1.89,9708
2016,강남구 압구정동,28360,2.53,11209
2016,강남구 역삼1동,36305,2.35,15449
2016,강남구 역삼2동,37047,1.15,32215
2016,강남구 일원1동,17275,0.92,18777
2016,강남구 일원2동,16520,1.24,13323
2016,강남구 일원본동,25104,2.58,9730
2016,강남구 청담동,30623,2.33,13143
2016,강동구 강일동,34356,2.8,12270
2016,강동구 고덕1동,16318,1.73,9432
2016,강동구 고덕2동,8674,2.01,4315
2016,강동구 길동,51434,2.17,23702
2016,강동구 둔촌2동,28760,0.98,29347
2016,강동구 명일1동,23036,0.61,37764
2016,강동구 명일2동,18503,0.97,19075
2016,강동구 상일동,12755,2.65,4813
2016,강동구 성내1동,20992,0.58,36193
2016,강동구 성내2동,25979,0.67,38775
2016,강동구 성내3동,24628,0.71,34687
2016,강동구 암사1동,37988,1.02,37243
2016,강동구 암사2동,15502,1.18,13137
2016,강동구 암사3동,19293,2.51,7686
2016,강동구 천호1동,29555,0.71,41627
2016,강동구 천호2동,36126,1.57,23010
2016,강동구 천호3동,25857,0.79,32730
2016,강북구 미아동,23591,0.73,32316
2016,강북구 번1동,20334,0.55,36971
2016,강북구 번2동,18407,1.25,14726
2016,강북구 번3동,19882,0.86,23119
2016,강북구 삼각산동,34452,0.62,55568
2016,강북구 삼양동,29747,0.95,31313
2016,강북구 송중동,29310,1.22,24025
2016,강북구 송천동,30536,0.88,34700
2016,강북구 수유1동,22844,1.07,21350
2016,강북구 수유2동,22372,0.73,30647
2016,강북구 수유3동,24126,0.86,28053
2016,강북구 우이동,22014,10.95,2010
2016,강북구 인수동,33089,2.93,11293
2016,강서구 가양1동,27547,4.7,5861
2016,강서구 가양2동,16432,1.0,16432
2016,강서구 가양3동,17289,0.99,17464
2016,강서구 공항동,24660,10.87,2269
2016,강서구 등촌1동,23067,0.59,39097
2016,강서구 등촌2동,22072,0.92,23991
2016,강서구 등촌3동,34962,0.79,44256
2016,강서구 발산1동,39921,2.96,13487
2016,강서구 방화1동,46284,1.04,44504
2016,강서구 방화2동,25035,6.41,3906
2016,강서구 방화3동,25779,2.38,10832
2016,강서구 염창동,41116,1.74,23630
2016,강서구 우장산동,46886,1.36,34475
2016,강서구 화곡1동,54425,1.12,48594
2016,강서구 화곡2동,20465,0.47,43543
2016,강서구 화곡3동,23190,0.51,45471
2016,강서구 화곡4동,23317,0.82,28435
2016,강서구 화곡6동,25797,1.12,23033
2016,강서구 화곡8동,27232,0.53,51381
2016,강서구 화곡본동,36628,1.11,32998
2016,관악구 낙성대동,18213,2.27,8023
2016,관악구 난곡동,30539,0.96,31811
2016,관악구 난향동,17013,0.8,21266
2016,관악구 남현동,18981,3.27,5805
2016,관악구 대학동,24408,8.3,2941
2016,관악구 미성동,33604,1.38,24351
2016,관악구 보라매동,26649,0.76,35064
2016,관악구 삼성동,27467,2.66,10326
2016,관악구 서림동,25475,0.99,25732
2016,관악구 서원동,23973,0.65,36882
2016,관악구 성현동,34015,0.68,50022
2016,관악구 신림동,21341,0.54,39520
2016,관악구 신사동,26627,0.64,41605
2016,관악구 신원동,20272,0.55,36858
2016,관악구 은천동,36111,0.78,46296
2016,관악구 인헌동,28004,1.08,25930
2016,관악구 조원동,20413,0.67,30467
2016,관악구 중앙동,15368,0.39,39405
2016,관악구 청룡동,29582,1.18,25069
2016,관악구 청림동,16974,0.3,56580
2016,관악구 행운동,30578,0.72,42469
2016,광진구 광장동,36613,2.39,15319
2016,광진구 구의1동,23387,0.56,41763
2016,광진구 구의2동,25889,1.39,18625
2016,광진구 구의3동,29789,1.02,29205
2016,광진구 군자동,22048,0.74,29795
2016,광진구 능동,11648,1.1,10589
2016,광진구 자양1동,23951,0.57,42019
2016,광진구 자양2동,27532,1.68,16388
2016,광진구 자양3동,30555,1.2,25463
2016,광진구 자양4동,27232,1.16,23476
2016,광진구 중곡1동,16342,0.62,26358
2016,광진구 중곡2동,22877,0.55,41595
2016,광진구 중곡3동,17960,0.6,29933
2016,광진구 중곡4동,31786,2.32,13701
2016,광진구 화양동,24495,1.16,21116
2016,구로구 가리봉동,17575,0.4,43938
2016,구로구 개봉1동,35883,1.31,27392
2016,구로구 개봉2동,34663,0.8,43329
2016,구로구 개봉3동,22262,0.81,27484
2016,구로구 고척1동,25371,1.16,21872
2016,구로구 고척2동,30410,1.02,29814
2016,구로구 구로1동,22645,1.02,22201
2016,구로구 구로2동,37072,1.76,21064
2016,구로구 구로3동,28081,1.02,27530
2016,구로구 구로4동,28651,0.46,62285
2016,구로구 구로5동,35068,1.03,34047
2016,구로구 수궁동,25920,2.67,9708
2016,구로구 신도림동,38202,1.47,25988
2016,구로구 오류1동,21943,0.59,37192
2016,구로구 오류2동,45854,4.6,9968
2016,금천구 가산동,23488,2.52,9321
2016,금천구 독산1동,36800,2.09,17608
2016,금천구 독산2동,23077,0.6,38462
2016,금천구 독산3동,31245,0.92,33962
2016,금천구 독산4동,19158,0.59,32471
2016,금천구 시흥1동,38320,1.71,22409
2016,금천구 시흥2동,24154,1.26,19170
2016,금천구 시흥3동,12255,1.07,11453
2016,금천구 시흥4동,23271,0.87,26748
2016,금천구 시흥5동,22886,1.39,16465
2016,노원구 공릉1동,40220,1.41,28525
2016,노원구 공릉2동,44747,6.82,6561
2016,노원구 상계10동,19155,0.8,23944
2016,노원구 상계1동,42402,5.62,7545
2016,노원구 상계2동,22171,0.61,36346
2016,노원구 상계3.4동,30174,5.62,5369
2016,노원구 상계5동,27742,0.44,63050
2016,노원구 상계6.7동,36593,1.11,32967
2016,노원구 상계8동,25627,0.67,38249
2016,노원구 상계9동,23300,0.81,28765
2016,노원구 월계1동,24289,1.16,20939
2016,노원구 월계2동,26914,1.94,13873
2016,노원구 월계3동,33919,1.17,28991
2016,노원구 중계1동,29363,0.63,46608
2016,노원구 중계2.3동,39542,0.9,43936
2016,노원구 중계4동,22336,1.7,13139
2016,노원구 중계본동,28026,1.97,14226
2016,노원구 하계1동,29914,1.55,19299
2016,노원구 하계2동,24778,0.51,48584
2016,도봉구 도봉1동,23628,8.72,2710
2016,도봉구 도봉2동,29224,0.83,35210
2016,도봉구 방학1동,31371,0.69,45465
2016,도봉구 방학2동,22391,0.74,30258
2016,도봉구 방학3동,30448,2.64,11533
2016,도봉구 쌍문1동,22555,1.24,18190
2016,도봉구 쌍문2동,21104,0.54,39081
2016,도봉구 쌍문3동,17762,0.5,35524
2016,도봉구 쌍문4동,20763,0.52,39929
2016,도봉구 창1동,27745,0.88,31528
2016,도봉구 창2동,31477,1.07,29418
2016,도봉구 창3동,15568,0.67,23236
2016,도봉구 창4동,29374,0.96,30598
2016,도봉구 창5동,26862,0.7,38374
2016,동대문구 답십리1동,24846,0.79,31451
2016,동대문구 답십리2동,30291,0.85,35636
2016,동대문구 용신동,33484,1.61,20798
2016,동대문구 이문1동,32045,1.04,30813
2016,동대문구 이문2동,22692,0.69,32887
2016,동대문구 장안1동,38812,1.25,31050
2016,동대문구 장안2동,31441,1.09,28845
2016,동대문구 전농1동,30779,1.21,25437
2016,동대문구 전농2동,20793,0.86,24178
2016,동대문구 제기동,28551,1.18,24196
2016,동대문구 청량리동,23560,1.2,19633
2016,동대문구 회기동,12587,0.76,16562
2016,동대문구 휘경1동,14964,0.63,23752
2016,동대문구 휘경2동,25467,1.05,24254
2016,동작구 노량진1동,33400,1.58,21139
2016,동작구 노량진2동,14949,0.64,23358
2016,동작구 대방동,40656,1.55,26230
2016,동작구 사당1동,23961,0.79,30330
2016,동작구 사당2동,30105,2.75,10947
2016,동작구 사당3동,24625,0.92,26766
2016,동작구 사당4동,15043,0.38,39587
2016,동작구 사당5동,13389,0.57,23489
2016,동작구 상도1동,48245,1.51,31950
2016,동작구 상도2동,27817,0.98,28385
2016,동작구 상도3동,26041,0.6,43402
2016,동작구 상도4동,30501,0.75,40668
2016,동작구 신대방1동,27939,0.62,45063
2016,동작구 신대방2동,21461,1.03,20836
2016,동작구 흑석동,35115,1.68,20902
2016,마포구 공덕동,39705,1.01,39312
2016,마포구 대흥동,14223,0.88,16163
2016,마포구 도화동,23387,0.62,37721
2016,마포구 망원1동,22292,1.14,19554
2016,마포구 망원2동,20494,0.67,30588
2016,마포구 상암동,33814,8.4,4025
2016,마포구 서강동,26362,1.45,18181
2016,마포구 서교동,27798,1.65,16847
2016,마포구 성산1동,20838,0.8,26048
2016,마포구 성산2동,40199,2.07,19420
2016,마포구 신수동,22093,0.78,28324
2016,마포구 아현동,26250,0.76,34539
2016,마포구 연남동,18592,0.65,28603
2016,마포구 염리동,12033,0.43,27984
2016,마포구 용강동,22535,0.84,26827
2016,마포구 합정동,20272,1.69,11995
2016,서대문구 남가좌1동,16929,0.51,33194
2016,서대문구 남가좌2동,23539,0.77,30570
2016,서대문구 북가좌1동,19873,0.52,38217
2016,서대문구 북가좌2동,34804,0.84,41433
2016,서대문구 북아현동,12993,0.46,28246
2016,서대문구 신촌동,23077,2.63,8775
2016,서대문구 연희동,41430,3.05,13584
2016,서대문구 천연동,19915,0.97,20531
2016,서대문구 충현동,19212,1.12,17154
2016,서대문구 홍은1동,23846,1.58,15092
2016,서대문구 홍은2동,30606,2.06,14857
2016,서대문구 홍제1동,24982,1.23,20311
2016,서대문구 홍제2동,15247,1.05,14521
2016,서대문구 홍제3동,19418,0.81,23973
2016,서초구 내곡동,18985,12.68,1497
2016,서초구 반포1동,30431,1.0,30431
2016,서초구 반포2동,23491,1.35,17401
2016,서초구 반포3동,19259,1.28,15046
2016,서초구 반포4동,20561,1.43,14378
2016,서초구 반포본동,12961,1.01,12833
2016,서초구 방배1동,17202,0.7,24574
2016,서초구 방배2동,27735,1.93,14370
2016,서초구 방배3동,24055,2.4,10023
2016,서초구 방배4동,26497,0.98,27038
2016,서초구 방배본동,21956,0.67,32770
2016,서초구 서초1동,21388,1.42,15062
2016,서초구 서초2동,21239,1.24,17128
2016,서초구 서초3동,30123,2.93,10281
2016,서초구 서초4동,29019,0.88,32976
2016,서초구 양재1동,47744,5.76,8289
2016,서초구 양재2동,23796,7.58,3139
2016,서초구 잠원동,35035,1.76,19906
2016,성동구 금호1가동,13419,0.46,29172
2016,성동구 금호2.3가동,25038,0.64,39122
2016,성동구 금호4가동,14557,0.84,17330
2016,성동구 마장동,24569,1.06,23178
2016,성동구 사근동,12722,1.11,11461
2016,성동구 성수1가1동,17231,1.98,8703
2016,성동구 성수1가2동,17024,0.89,19128
2016,성동구 성수2가1동,19378,1.18,16422
2016,성동구 성수2가3동,12142,1.03,11788
2016,성동구 송정동,12005,0.68,17654
2016,성동구 옥수동,24845,1.95,12741
2016,성동구 왕십리2동,16917,0.41,41261
2016,성동구 왕십리도선동,22878,0.72,31775
2016,성동구 용답동,17059,2.32,7353
2016,성동구 응봉동,16921,0.57,29686
2016,성동구 행당1동,14708,0.59,24929
2016,성동구 행당2동,25748,0.42,61305
2016,성북구 길음1동,37908,0.79,47985
2016,성북구 길음2동,13173,0.58,22712
2016,성북구 돈암1동,17007,0.49,34708
2016,성북구 돈암2동,23681,0.48,49335
2016,성북구 동선동,16770,0.73,22973
2016,성북구 보문동,15069,0.56,26909
2016,성북구 삼선동,27510,0.92,29902
2016,성북구 석관동,35073,1.73,20273
2016,성북구 성북동,18331,2.86,6409
2016,성북구 안암동,18211,1.33,13692
2016,성북구 월곡1동,28450,0.81,35123
2016,성북구 월곡2동,21147,1.36,15549
2016,성북구 장위1동,22573,0.7,32247
2016,성북구 장위2동,20533,0.67,30646
2016,성북구 장위3동,13226,0.65,20348
2016,성북구 정릉1동,19273,0.44,43802
2016,성북구 정릉2동,24609,1.17,21033
2016,성북구 정릉3동,17630,3.71,4752
2016,성북구 정릉4동,27818,3.13,8888
2016,성북구 종암동,43625,1.46,29880
2016,송파구 가락1동,918,1.34,685
2016,송파구 가락2동,35064,0.96,36525
2016,송파구 가락본동,28395,1.13,25128
2016,송파구 거여1동,14774,0.51,28969
2016,송파구 거여2동,19609,0.53,36998
2016,송파구 마천1동,22912,0.58,39503
2016,송파구 마천2동,21128,0.89,23739
2016,송파구 문정1동,21660,0.56,38679
2016,송파구 문정2동,24043,2.2,10929
2016,송파구 방이1동,16358,0.5,32716
2016,송파구 방이2동,25446,0.8,31808
2016,송파구 삼전동,33851,0.95,35633
2016,송파구 석촌동,35420,0.95,37284
2016,송파구 송파1동,26717,0.79,33819
2016,송파구 송파2동,21974,0.53,41460
2016,송파구 오금동,37069,1.65,22466
2016,송파구 오륜동,19714,3.17,6219
2016,송파구 위례동,17338,2.55,6799
2016,송파구 잠실2동,36853,2.18,16905
2016,송파구 잠실3동,37067,1.49,24877
2016,송파구 잠실4동,30534,1.56,19573
2016,송파구 잠실6동,17689,2.79,6340
2016,송파구 잠실7동,10516,0.6,17527
2016,송파구 잠실본동,30187,0.94,32114
2016,송파구 장지동,35834,1.37,26156
2016,송파구 풍납1동,18034,0.77,23421
2016,송파구 풍납2동,25842,1.59,16253
2016,양천구 목1동,32960,1.41,23376
2016,양천구 목2동,31956,1.03,31025
2016,양천구 목3동,22005,0.53,41519
2016,양천구 목4동,27940,0.57,49018
2016,양천구 목5동,43987,1.81,24302
2016,양천구 신월1동,23328,0.65,35889
2016,양천구 신월2동,23542,0.61,38593
2016,양천구 신월3동,18276,0.87,21007
2016,양천구 신월4동,20009,0.52,38479
2016,양천구 신월5동,16391,0.69,23755
2016,양천구 신월6동,7947,0.41,19383
2016,양천구 신월7동,23493,1.19,19742
2016,양천구 신정1동,21854,0.7,31220
2016,양천구 신정2동,21492,0.52,41331
2016,양천구 신정3동,52998,2.72,19485
2016,양천구 신정4동,36314,1.01,35954
2016,양천구 신정6동,25918,0.96,26998
2016,양천구 신정7동,31435,1.21,25979
2016,영등포구 당산1동,21260,0.75,28347
2016,영등포구 당산2동,36518,1.55,23560
2016,영등포구 대림1동,17890,0.49,36510
2016,영등포구 대림2동,23028,0.55,41869
2016,영등포구 대림3동,30621,1.0,30621
2016,영등포구 도림동,23089,0.89,25943
2016,영등포구 문래동,31830,1.49,21362
2016,영등포구 신길1동,21836,0.66,33085
2016,영등포구 신길3동,18110,0.48,37729
2016,영등포구 신길4동,11556,0.35,33017
2016,영등포구 신길5동,15326,0.47,32609
2016,영등포구 신길6동,21453,0.68,31549
2016,영등포구 신길7동,13031,0.64,20361
2016,영등포구 양평1동,17333,0.88,19697
2016,영등포구 양평2동,22602,3.0,7534
2016,영등포구 여의동,34013,8.41,4044
2016,영등포구 영등포동,20933,1.26,16613
2016,영등포구 영등포본동,26350,1.02,25833
2016,용산구 남영동,8762,1.19,7363
2016,용산구 보광동,16988,0.71,23927
2016,용산구 서빙고동,14507,2.8,5181
2016,용산구 용문동,12862,0.28,45936
2016,용산구 용산2가동,12746,1.96,6503
2016,용산구 원효로1동,14717,0.59,24944
2016,용산구 원효로2동,15512,0.71,21848
2016,용산구 이촌1동,29134,2.86,10187
2016,용산구 이촌2동,9380,1.22,7689
2016,용산구 이태원1동,8806,0.57,15449
2016,용산구 이태원2동,11004,0.86,12795
2016,용산구 청파동,21913,0.91,24080
2016,용산구 한강로동,16463,2.9,5677
2016,용산구 한남동,23434,3.01,7785
2016,용산구 효창동,9566,0.44,21741
2016,용산구 후암동,19308,0.86,22451
2016,은평구 갈현1동,25974,0.97,26777
2016,은평구 갈현2동,30930,0.96,32219
2016,은평구 구산동,34302,1.38,24857
2016,은평구 녹번동,33068,1.79,18474
2016,은평구 대조동,33485,0.85,39394
2016,은평구 불광1동,42833,3.13,13685
2016,은평구 불광2동,29881,1.38,21653
2016,은평구 수색동,16048,1.29,12440
2016,은평구 신사1동,28410,0.84,33821
2016,은평구 신사2동,22255,1.0,22255
2016,은평구 역촌동,50604,1.16,43624
2016,은평구 응암1동,27790,1.2,23158
2016,은평구 응암2동,19972,0.78,25605
2016,은평구 응암3동,27152,0.63,43098
2016,은평구 증산동,19422,0.81,23978
2016,은평구 진관동,53811,11.53,4667
2016,종로구 가회동,4780,0.54,8852
2016,종로구 교남동,4748,0.35,13566
2016,종로구 무악동,8516,0.36,23656
2016,종로구 부암동,11044,2.27,4865
2016,종로구 사직동,10013,1.23,8141
2016,종로구 삼청동,3118,1.49,2093
2016,종로구 숭인1동,7109,0.23,30909
2016,종로구 숭인2동,10148,0.35,28994
2016,종로구 이화동,8927,0.78,11445
2016,종로구 종로1.2.3.4가동,8727,2.35,3714
2016,종로구 종로5·6가동,5775,0.6,9625
2016,종로구 창신1동,6590,0.31,21258
2016,종로구 창신2동,10701,0.26,41158
2016,종로구 창신3동,7753,0.23,33709
2016,종로구 청운효자동,14111,2.57,5491
2016,종로구 평창동,19457,8.87,2194
2016,종로구 혜화동,20405,1.12,18219
2016,중구 광희동,6031,0.74,8150
2016,중구 다산동,15956,0.51,31286
2016,중구 동화동,11642,0.26,44777
2016,중구 명동,3524,0.99,3560
2016,중구 소공동,2596,0.95,2733
2016,중구 신당5동,10164,0.39,26062
2016,중구 신당동,9429,0.55,17144
2016,중구 약수동,18796,0.48,39158
2016,중구 을지로동,1826,0.6,3043
2016,중구 장충동,5845,1.36,4298
2016,중구 중림동,8902,0.48,18546
2016,중구 청구동,15233,0.34,44803
2016,중구 필동,5120,1.14,4491
2016,중구 황학동,13217,0.33,40052
2016,중구 회현동,6128,0.84,7295
2016,중랑구 망우3동,18741,0.99,18930
2016,중랑구 망우본동,33033,2.88,11470
2016,중랑구 면목2동,27424,0.73,37567
2016,중랑구 면목3.8동,28137,1.67,16849
2016,중랑구 면목4동,21957,1.1,19961
2016,중랑구 면목5동,10824,0.64,16913
2016,중랑구 면목7동,23357,0.87,26847
2016,중랑구 면목본동,36839,1.01,36474
2016,중랑구 묵1동,34516,1.2,28763
2016,중랑구 묵2동,20250,0.7,28929
2016,중랑구 상봉1동,26152,0.85,30767
2016,중랑구 상봉2동,19050,0.68,28015
2016,중랑구 신내1동,42023,2.53,16610
2016,중랑구 신내2동,23511,0.99,23748
2016,중랑구 중화1동,21285,0.68,31301
2016,중랑구 중화2동,28578,0.98,29161
2017,강남구 개포1동,20111,1.27,15835
2017,강남구 개포2동,14678,2.51,5848
2017,강남구 개포4동,18525,1.49,12433
2017,강남구 논현1동,24186,1.25,19349
2017,강남구 논현2동,22573,1.47,15356
2017,강남구 대치1동,25262,0.79,31977
2017,강남구 대치2동,41566,2.0,20783
2017,강남구 대치4동,21193,0.73,29032
2017,강남구 도곡1동,22882,1.02,22433
2017,강남구 도곡2동,34884,1.02,34200
2017,강남구 삼성1동,15193,1.94,7831
2017,강남구 삼성2동,29628,1.24,23894
2017,강남구 세곡동,44921,6.36,7063
2017,강남구 수서동,16787,1.43,11739
2017,강남구 신사동,18105,1.89,9579
2017,강남구 압구정동,28050,2.53,11087
2017,강남구 역삼1동,36534,2.35,15546
2017,강남구 역삼2동,37103,1.15,32263
2017,강남구 일원1동,17108,0.92,18596
2017,강남구 일원2동,16467,1.24,13280
2017,강남구 일원본동,25027,2.58,9700
2017,강남구 청담동,30269,2.33,12991
2017,강동구 강일동,33676,2.8,12027
2017,강동구 고덕1동,27602,1.73,15955
2017,강동구 고덕2동,8232,2.01,4096
2017,강동구 길동,50423,2.17,23236
2017,강동구 둔촌2동,28920,0.98,29510
2017,강동구 명일1동,22609,0.61,37064
2017,강동구 명일2동,18210,0.97,18773
2017,강동구 상일동,9894,2.65,3734
2017,강동구 성내1동,21208,0.58,36566
2017,강동구 성내2동,25967,0.67,38757
2017,강동구 성내3동,24536,0.71,34558
2017,강동구 암사1동,38434,1.02,37680
2017,강동구 암사2동,14991,1.18,12704
2017,강동구 암사3동,19028,2.51,7581
2017,강동구 천호1동,29748,0.71,41899
2017,강동구 천호2동,36691,1.57,23370
2017,강동구 천호3동,28193,0.79,35687
2017,강북구 미아동,23431,0.73,32097
2017,강북구 번1동,19912,0.55,36204
2017,강북구 번2동,17937,1.25,14350
2017,강북구 번3동,19314,0.86,22458
2017,강북구 삼각산동,33834,0.62,54571
2017,강북구 삼양동,29079,0.95,30609
2017,강북구 송중동,30293,1.22,24830
2017,강북구 송천동,29970,0.88,34057
2017,강북구 수유1동,22471,1.07,21001
2017,강북구 수유2동,22512,0.73,30838
2017,강북구 수유3동,24223,0.86,28166
2017,강북구 우이동,21897,10.95,2000
2017,강북구 인수동,33129,2.93,11307
2017,강서구 가양1동,32636,4.7,6944
2017,강서구 가양2동,16246,1.0,16246
2017,강서구 가양3동,16771,0.99,16940
2017,강서구 공항동,28554,10.87,2627
2017,강서구 등촌1동,23531,0.59,39883
2017,강서구 등촌2동,22255,0.92,24190
2017,강서구 등촌3동,34205,0.79,43297
2017,강서구 발산1동,39414,2.96,13316
2017,강서구 방화1동,46694,1.04,44898
2017,강서구 방화2동,24731,6.41,3858
2017,강서구 방화3동,25417,2.38,10679
2017,강서구 염창동,40900,1.74,23506
2017,강서구 우장산동,46813,1.36,34421
2017,강서구 화곡1동,54795,1.12,48924
2017,강서구 화곡2동,20413,0.47,43432
2017,강서구 화곡3동,22903,0.51,44908
2017,강서구 화곡4동,23141,0.82,28221
2017,강서구 화곡6동,25099,1.12,22410
2017,강서구 화곡8동,27097,0.53,51126
2017,강서구 화곡본동,36640,1.11,33009
2017,관악구 낙성대동,17882,2.27,7878
2017,관악구 난곡동,30094,0.96,31348
2017,관악구 난향동,16871,0.8,21089
2017,관악구 남현동,19022,3.27,5817
2017,관악구 대학동,24589,8.3,2963
2017,관악구 미성동,33521,1.38,24291
2017,관악구 보라매동,26484,0.76,34847
2017,관악구 삼성동,26826,2.66,10085
2017,관악구 서림동,25264,0.99,25519
2017,관악구 서원동,23542,0.65,36218
2017,관악구 성현동,33453,0.68,49196
2017,관악구 신림동,21470,0.54,39759
2017,관악구 신사동,26229,0.64,40983
2017,관악구 신원동,19940,0.55,36255
2017,관악구 은천동,35985,0.78,46135
2017,관악구 인헌동,27748,1.08,25693
2017,관악구 조원동,19952,0.67,29779
2017,관악구 중앙동,15506,0.39,39759
2017,관악구 청룡동,29457,1.18,24964
2017,관악구 청림동,16695,0.3,55650
2017,관악구 행운동,30399,0.72,42221
2017,광진구 광장동,36589,2.39,15309
2017,광진구 구의1동,23396,0.56,41779
2017,광진구 구의2동,25936,1.39,18659
2017,광진구 구의3동,30483,1.02,29885
2017,광진구 군자동,21980,0.74,29703
2017,광진구 능동,11838,1.1,10762
2017,광진구 자양1동,24450,0.57,42895
2017,광진구 자양2동,27727,1.68,16504
2017,광진구 자양3동,30517,1.2,25431
2017,광진구 자양4동,25995,1.16,22409
2017,광진구 중곡1동,16359,0.62,26385
2017,광진구 중곡2동,22808,0.55,41469
2017,광진구 중곡3동,17992,0.6,29987
2017,광진구 중곡4동,31618,2.32,13628
2017,광진구 화양동,24610,1.16,21216
2017,구로구 가리봉동,16207,0.4,40518
2017,구로구 개봉1동,35131,1.31,26818
2017,구로구 개봉2동,34293,0.8,42866
2017,구로구 개봉3동,22267,0.81,27490
2017,구로구 고척1동,24911,1.16,21475
2017,구로구 고척2동,30206,1.02,29614
2017,구로구 구로1동,22359,1.02,21921
2017,구로구 구로2동,35893,1.76,20394
2017,구로구 구로3동,27620,1.02,27078
2017,구로구 구로4동,27538,0.46,59865
2017,구로구 구로5동,34370,1.03,33369
2017,구로구 수궁동,25851,2.67,9682
2017,구로구 신도림동,37861,1.47,25756
2017,구로구 오류1동,21547,0.59,36520
2017,구로구 오류2동,45505,4.6,9892
2017,금천구 가산동,23274,2.52,9236
2017,금천구 독산1동,39421,2.09,18862
2017,금천구 독산2동,22670,0.6,37783
2017,금천구 독산3동,30584,0.92,33243
2017,금천구 독산4동,18996,0.59,32197
2017,금천구 시흥1동,37640,1.71,22012
2017,금천구 시흥2동,23761,1.26,18858
2017,금천구 시흥3동,12065,1.07,11276
2017,금천구 시흥4동,23203,0.87,26670
2017,금천구 시흥5동,21877,1.39,15739
2017,노원구 공릉1동,40028,1.41,28389
2017,노원구 공릉2동,41895,6.82,6143
2017,노원구 상계10동,17446,0.8,21808
2017,노원구 상계1동,41695,5.62,7419
2017,노원구 상계2동,21926,0.61,35944
2017,노원구 상계3.4동,27742,5.62,4936
2017,노원구 상계5동,27048,0.44,61473
2017,노원구 상계6.7동,36103,1.11,32525
2017,노원구 상계8동,25143,0.67,37527
2017,노원구 상계9동,22854,0.81,28215
2017,노원구 월계1동,24144,1.16,20814
2017,노원구 월계2동,27306,1.94,14075
2017,노원구 월계3동,33314,1.17,28474
2017,노원구 중계1동,28828,0.63,45759
2017,노원구 중계2.3동,38764,0.9,43071
2017,노원구 중계4동,22098,1.7,12999
2017,노원구 중계본동,27449,1.97,13934
2017,노원구 하계1동,29899,1.55,19290
2017,노원구 하계2동,24393,0.51,47829
2017,도봉구 도봉1동,23383,8.72,2682
2017,도봉구 도봉2동,29319,0.83,35324
2017,도봉구 방학1동,30730,0.69,44536
2017,도봉구 방학2동,22304,0.74,30141
2017,도봉구 방학3동,29784,2.64,11282
2017,도봉구 쌍문1동,22326,1.24,18005
2017,도봉구 쌍문2동,20627,0.54,38198
2017,도봉구 쌍문3동,17482,0.5,34964
2017,도봉구 쌍문4동,20480,0.52,39385
2017,도봉구 창1동,27347,0.88,31076
2017,도봉구 창2동,31758,1.07,29680
2017,도봉구 창3동,15338,0.67,22893
2017,도봉구 창4동,28899,0.96,30103
2017,도봉구 창5동,26457,0.7,37796
2017,동대문구 답십리1동,25166,0.81,31069
2017,동대문구 답십리2동,29722,0.85,34967
2017,동대문구 용신동,32957,1.61,20470
2017,동대문구 이문1동,31172,1.04,29973
2017,동대문구 이문2동,22454,0.69,32542
2017,동대문구 장안1동,39593,1.25,31674
2017,동대문구 장안2동,31447,1.09,28850
2017,동대문구 전농1동,29916,1.19,25139
2017,동대문구 전농2동,20436,0.86,23763
2017,동대문구 제기동,27770,1.18,23534
2017,동대문구 청량리동,23063,1.2,19219
2017,동대문구 회기동,12521,0.76,16475
2017,동대문구 휘경1동,14589,0.63,23157
2017,동대문구 휘경2동,25205,1.05,24005
2017,동작구 노량진1동,32784,1.58,20749
2017,동작구 노량진2동,14585,0.64,22789
2017,동작구 대방동,40684,1.55,26248
2017,동작구 사당1동,23872,0.79,30218
2017,동작구 사당2동,28838,2.75,10487
2017,동작구 사당3동,24967,0.92,27138
2017,동작구 사당4동,14940,0.38,39316
2017,동작구 사당5동,13316,0.57,23361
2017,동작구 상도1동,48471,1.51,32100
2017,동작구 상도2동,27549,0.98,28111
2017,동작구 상도3동,26304,0.6,43840
2017,동작구 상도4동,30357,0.75,40476
2017,동작구 신대방1동,27427,0.62,44237
2017,동작구 신대방2동,20867,1.03,20259
2017,동작구 흑석동,33532,1.68,19960
2017,마포구 공덕동,40669,1.01,40266
2017,마포구 대흥동,13891,0.88,15785
2017,마포구 도화동,23087,0.62,37237
2017,마포구 망원1동,21790,1.14,19114
2017,마포구 망원2동,20017,0.67,29876
2017,마포구 상암동,33417,8.4,3978
2017,마포구 서강동,26120,1.45,18014
2017,마포구 서교동,26580,1.65,16109
2017,마포구 성산1동,20609,0.8,25761
2017,마포구 성산2동,40566,2.07,19597
2017,마포구 신수동,21847,0.78,28009
2017,마포구 아현동,25581,0.76,33659
2017,마포구 연남동,17803,0.65,27389
2017,마포구 염리동,11388,0.43,26484
2017,마포구 용강동,22525,0.84,26815
2017,마포구 합정동,19893,1.69,11771
2017,서대문구 남가좌1동,17266,0.51,33855
2017,서대문구 남가좌2동,23238,0.77,30179
2017,서대문구 북가좌1동,19779,0.52,38037
2017,서대문구 북가좌2동,34718,0.84,41331
2017,서대문구 북아현동,17688,0.46,38452
2017,서대문구 신촌동,23309,2.63,8863
2017,서대문구 연희동,40828,3.05,13386
2017,서대문구 천연동,19365,0.97,19964
2017,서대문구 충현동,18768,1.12,16757
2017,서대문구 홍은1동,23321,1.58,14760
2017,서대문구 홍은2동,30116,2.06,14619
2017,서대문구 홍제1동,24422,1.23,19855
2017,서대문구 홍제2동,15009,1.05,14294
2017,서대문구 홍제3동,17201,0.81,21236
2017,서초구 내곡동,18872,12.68,1488
2017,서초구 반포1동,28665,1.0,28665
2017,서초구 반포2동,24506,1.35,18153
2017,서초구 반포3동,18721,1.28,14626
2017,서초구 반포4동,20443,1.43,14296
2017,서초구 반포본동,12826,1.01,12699
2017,서초구 방배1동,17293,0.7,24704
2017,서초구 방배2동,27221,1.93,14104
2017,서초구 방배3동,22584,2.4,9410
2017,서초구 방배4동,26392,0.98,26931
2017,서초구 방배본동,21805,0.67,32545
2017,서초구 서초1동,21532,1.42,15163
2017,서초구 서초2동,16766,1.24,13521
2017,서초구 서초3동,30439,2.93,10389
2017,서초구 서초4동,31285,0.88,35551
2017,서초구 양재1동,47275,5.76,8207
2017,서초구 양재2동,23836,7.58,3145
2017,서초구 잠원동,34940,1.76,19852
2017,성동구 금호1가동,13191,0.46,28676
2017,성동구 금호2.3가동,24735,0.64,38648
2017,성동구 금호4가동,14452,0.84,17205
2017,성동구 마장동,24193,1.06,22824
2017,성동구 사근동,12812,1.11,11542
2017,성동구 성수1가1동,17676,1.98,8927
2017,성동구 성수1가2동,16413,0.89,18442
2017,성동구 성수2가1동,18783,1.18,15918
2017,성동구 성수2가3동,12056,1.03,11705
2017,성동구 송정동,11987,0.68,17628
2017,성동구 옥수동,27453,1.95,14078
2017,성동구 왕십리2동,18185,0.41,44354
2017,성동구 왕십리도선동,27582,0.72,38308
2017,성동구 용답동,16687,2.32,7193
2017,성동구 응봉동,16696,0.57,29291
2017,성동구 행당1동,14387,0.59,24385
2017,성동구 행당2동,25423,0.42,60531
2017,성북구 길음1동,37797,0.79,47844
2017,성북구 길음2동,12345,0.58,21284
2017,성북구 돈암1동,16745,0.49,34173
2017,성북구 돈암2동,25269,0.48,52644
2017,성북구 동선동,16614,0.73,22759
2017,성북구 보문동,17260,0.56,30821
2017,성북구 삼선동,27082,0.92,29437
2017,성북구 석관동,34628,1.73,20016
2017,성북구 성북동,17996,2.86,6292
2017,성북구 안암동,17387,1.33,13073
2017,성북구 월곡1동,28161,0.81,34767
2017,성북구 월곡2동,20823,1.36,15311
2017,성북구 장위1동,21336,0.7,30480
2017,성북구 장위2동,18517,0.67,27637
2017,성북구 장위3동,12336,0.65,18978
2017,성북구 정릉1동,18901,0.44,42957
2017,성북구 정릉2동,24495,1.17,20936
2017,성북구 정릉3동,17366,3.71,4681
2017,성북구 정릉4동,27423,3.13,8761
2017,성북구 종암동,42926,1.46,29401
2017,송파구 가락1동,905,1.34,675
2017,송파구 가락2동,34681,0.96,36126
2017,송파구 가락본동,28251,1.13,25001
2017,송파구 거여1동,13466,0.51,26404
2017,송파구 거여2동,17915,0.53,33802
2017,송파구 마천1동,22047,0.58,38012
2017,송파구 마천2동,20857,0.89,23435
2017,송파구 문정1동,21608,0.56,38586
2017,송파구 문정2동,27540,2.2,12518
2017,송파구 방이1동,16758,0.5,33516
2017,송파구 방이2동,25600,0.8,32000
2017,송파구 삼전동,33624,0.95,35394
2017,송파구 석촌동,34670,0.95,36495
2017,송파구 송파1동,26318,0.79,33314
2017,송파구 송파2동,21474,0.53,40517
2017,송파구 오금동,38091,1.65,23085
2017,송파구 오륜동,19562,3.17,6171
2017,송파구 위례동,28253,2.55,11080
2017,송파구 잠실2동,36983,2.18,16965
2017,송파구 잠실3동,36770,1.49,24678
2017,송파구 잠실4동,30430,1.56,19506
2017,송파구 잠실6동,17430,2.79,6247
2017,송파구 잠실7동,10444,0.6,17407
2017,송파구 잠실본동,29897,0.94,31805
2017,송파구 장지동,35217,1.37,25706
2017,송파구 풍납1동,16996,0.77,22073
2017,송파구 풍납2동,25386,1.59,15966
2017,양천구 목1동,32698,1.41,23190
2017,양천구 목2동,31988,1.03,31056
2017,양천구 목3동,22212,0.53,41909
2017,양천구 목4동,27596,0.57,48414
2017,양천구 목5동,43749,1.81,24171
2017,양천구 신월1동,22927,0.65,35272
2017,양천구 신월2동,23280,0.61,38164
2017,양천구 신월3동,17649,0.87,20286
2017,양천구 신월4동,19675,0.52,37837
2017,양천구 신월5동,16066,0.69,23284
2017,양천구 신월6동,7078,0.41,17263
2017,양천구 신월7동,23153,1.19,19456
2017,양천구 신정1동,21861,0.7,31230
2017,양천구 신정2동,21261,0.52,40887
2017,양천구 신정3동,50810,2.72,18680
2017,양천구 신정4동,36483,1.01,36122
2017,양천구 신정6동,25745,0.96,26818
2017,양천구 신정7동,30787,1.21,25444
2017,영등포구 당산1동,21261,0.75,28348
2017,영등포구 당산2동,35684,1.55,23022
2017,영등포구 대림1동,16843,0.49,34373
2017,영등포구 대림2동,21811,0.55,39656
2017,영등포구 대림3동,29654,1.0,29654
2017,영등포구 도림동,22274,0.89,25027
2017,영등포구 문래동,31682,1.49,21263
2017,영등포구 신길1동,20494,0.66,31052
2017,영등포구 신길3동,17780,0.48,37042
2017,영등포구 신길4동,10712,0.35,30606
2017,영등포구 신길5동,13079,0.47,27828
2017,영등포구 신길6동,20019,0.68,29440
2017,영등포구 신길7동,17292,0.64,27019
2017,영등포구 양평1동,17194,0.88,19539
2017,영등포구 양평2동,22769,3.0,7590
2017,영등포구 여의도동,33718,8.41,4009
2017,영등포구 영등포동,24055,1.26,19091
2017,영등포구 영등포본동,25703,1.02,25199
2017,용산구 남영동,8585,1.19,7214
2017,용산구 보광동,16541,0.71,23297
2017,용산구 서빙고동,14274,2.8,5098
2017,용산구 용문동,12759,0.28,45568
2017,용산구 용산2가동,12355,1.96,6304
2017,용산구 원효로1동,15266,0.59,25875
2017,용산구 원효로2동,15233,0.71,21455
2017,용산구 이촌1동,28960,2.86,10126
2017,용산구 이촌2동,9229,1.22,7565
2017,용산구 이태원1동,8791,0.57,15423
2017,용산구 이태원2동,11014,0.86,12807
2017,용산구 청파동,21233,0.91,23333
2017,용산구 한강로동,18059,2.9,6227
2017,용산구 한남동,23705,3.01,7875
2017,용산구 효창동,9594,0.44,21805
2017,용산구 후암동,18846,0.86,21914
2017,은평구 갈현1동,25591,0.97,26382
2017,은평구 갈현2동,30907,0.96,32195
2017,은평구 구산동,33819,1.38,24507
2017,은평구 녹번동,33053,1.79,18465
2017,은평구 대조동,33362,0.85,39249
2017,은평구 불광1동,42356,3.13,13532
2017,은평구 불광2동,30208,1.38,21890
2017,은평구 수색동,13830,1.29,10721
2017,은평구 신사1동,28169,0.84,33535
2017,은평구 신사2동,22210,1.0,22210
2017,은평구 역촌동,50453,1.16,43494
2017,은평구 응암1동,26400,1.2,22000
2017,은평구 응암2동,21712,0.78,27836
2017,은평구 응암3동,26639,0.63,42284
2017,은평구 증산동,16924,0.81,20894
2017,은평구 진관동,55569,11.53,4820
2017,종로구 가회동,4657,0.54,8624
2017,종로구 교남동,10363,0.35,29609
2017,종로구 무악동,8375,0.36,23264
2017,종로구 부암동,10726,2.27,4725
2017,종로구 사직동,9717,1.23,7900
2017,종로구 삼청동,3097,1.49,2079
2017,종로구 숭인1동,6865,0.23,29848
2017,종로구 숭인2동,10140,0.35,28971
2017,종로구 이화동,8752,0.78,11221
2017,종로구 종로1.2.3.4가동,8592,2.35,3656
2017,종로구 종로5·6가동,5690,0.6,9483
2017,종로구 창신1동,6285,0.31,20274
2017,종로구 창신2동,10274,0.26,39515
2017,종로구 창신3동,7526,0.23,32722
2017,종로구 청운효자동,13606,2.57,5294
2017,종로구 평창동,19163,8.87,2160
2017,종로구 혜화동,20429,1.12,18240
2017,중구 광희동,5875,0.74,7939
2017,중구 다산동,15399,0.51,30194
2017,중구 동화동,11348,0.26,43646
2017,중구 명동,3469,0.99,3504
2017,중구 소공동,2787,0.95,2934
2017,중구 신당5동,9830,0.39,25205
2017,중구 신당동,9544,0.55,17353
2017,중구 약수동,18400,0.48,38333
2017,중구 을지로동,1786,0.6,2977
2017,중구 장충동,5648,1.36,4153
2017,중구 중림동,11575,0.48,24115
2017,중구 청구동,14999,0.34,44115
2017,중구 필동,4885,1.14,4285
2017,중구 황학동,13095,0.33,39682
2017,중구 회현동,5953,0.84,7087
2017,중랑구 망우3동,18757,0.99,18946
2017,중랑구 망우본동,32411,2.88,11254
2017,중랑구 면목2동,27057,0.73,37064
2017,중랑구 면목3.8동,27685,1.67,16578
2017,중랑구 면목4동,21098,1.11,19007
2017,중랑구 면목5동,10487,0.64,16386
2017,중랑구 면목7동,22707,0.87,26100
2017,중랑구 면목본동,36780,1.01,36416
2017,중랑구 묵1동,36269,1.2,30224
2017,중랑구 묵2동,20443,0.7,29204
2017,중랑구 상봉1동,25960,0.85,30541
2017,중랑구 상봉2동,18645,0.68,27419
2017,중랑구 신내1동,41561,2.53,16427
2017,중랑구 신내2동,23018,0.99,23251
2017,중랑구 중화1동,21179,0.68,31146
2017,중랑구 중화2동,28723,0.98,29309
2018,강남구 개포1동,7800,1.27,6142
2018,강남구 개포2동,13855,2.51,5520
2018,강남구 개포4동,18920,1.49,12698
2018,강남구 논현1동,24061,1.25,19249
2018,강남구 논현2동,22304,1.47,15173
2018,강남구 대치1동,25590,0.79,32392
2018,강남구 대치2동,40163,2.0,20082
2018,강남구 대치4동,21265,0.73,29130
2018,강남구 도곡1동,22844,1.02,22396
2018,강남구 도곡2동,34704,1.02,34024
2018,강남구 삼성1동,15252,1.94,7862
2018,강남구 삼성2동,30492,1.24,24590
2018,강남구 세곡동,45445,6.36,7145
2018,강남구 수서동,16421,1.43,11483
2018,강남구 신사동,17813,1.89,9425
2018,강남구 압구정동,28146,2.53,11125
2018,강남구 역삼1동,36861,2.35,15686
2018,강남구 역삼2동,36822,1.15,32019
2018,강남구 일원1동,17136,0.92,18626
2018,강남구 일원2동,16593,1.24,13381
2018,강남구 일원본동,24781,2.58,9605
2018,강남구 청담동,30185,2.33,12955
2018,강동구 강일동,32928,2.8,11760
2018,강동구 고덕1동,27469,1.73,15878
2018,강동구 고덕2동,7709,2.01,3835
2018,강동구 길동,47171,2.17,21738
2018,강동구 둔촌2동,28260,0.98,28837
2018,강동구 명일1동,22483,0.61,36857
2018,강동구 명일2동,18020,0.97,18577
2018,강동구 상일동,11138,2.65,4203
2018,강동구 성내1동,20996,0.58,36200
2018,강동구 성내2동,25725,0.67,38396
2018,강동구 성내3동,24155,0.71,34021
2018,강동구 암사1동,37760,1.02,37020
2018,강동구 암사2동,14711,1.18,12467
2018,강동구 암사3동,18943,2.51,7547
2018,강동구 천호1동,29144,0.71,41048
2018,강동구 천호2동,36423,1.57,23199
2018,강동구 천호3동,28568,0.79,36162
2018,강북구 미아동,23228,0.73,31819
2018,강북구 번1동,19964,0.55,36298
2018,강북구 번2동,17504,1.25,14003
2018,강북구 번3동,18967,0.86,22055
2018,강북구 삼각산동,33524,0.62,54071
2018,강북구 삼양동,26575,0.95,27974
2018,강북구 송중동,29549,1.22,24220
2018,강북구 송천동,29519,0.88,33544
2018,강북구 수유1동,22338,1.07,20877
2018,강북구 수유2동,22526,0.73,30858
2018,강북구 수유3동,24280,0.86,28233
2018,강북구 우이동,21895,10.95,2000
2018,강북구 인수동,33046,2.93,11278
2018,강서구 가양1동,33556,4.7,7140
2018,강서구 가양2동,15763,1.0,15763
2018,강서구 가양3동,16516,0.99,16683
2018,강서구 공항동,28646,10.87,2635
2018,강서구 등촌1동,23558,0.59,39929
2018,강서구 등촌2동,22118,0.92,24041
2018,강서구 등촌3동,33279,0.79,42125
2018,강서구 발산1동,38879,2.96,13135
2018,강서구 방화1동,46357,1.04,44574
2018,강서구 방화2동,24391,6.41,3805
2018,강서구 방화3동,24912,2.38,10467
2018,강서구 염창동,41016,1.74,23572
2018,강서구 우장산동,46405,1.36,34121
2018,강서구 화곡1동,54687,1.12,48828
2018,강서구 화곡2동,20041,0.47,42640
2018,강서구 화곡3동,22730,0.51,44569
2018,강서구 화곡4동,22694,0.82,27676
2018,강서구 화곡6동,24840,1.12,22179
2018,강서구 화곡8동,26833,0.53,50628
2018,강서구 화곡본동,36390,1.11,32784
2018,관악구 낙성대동,17780,2.27,7833
2018,관악구 난곡동,29484,0.96,30713
2018,관악구 난향동,16693,0.8,20866
2018,관악구 남현동,18998,3.27,5810
2018,관악구 대학동,24823,8.3,2991
2018,관악구 미성동,33295,1.38,24127
2018,관악구 보라매동,26398,0.76,34734
2018,관악구 삼성동,26068,2.66,9800
2018,관악구 서림동,24881,0.99,25132
2018,관악구 서원동,23933,0.65,36820
2018,관악구 성현동,33033,0.68,48578
2018,관악구 신림동,22256,0.54,41215
2018,관악구 신사동,26442,0.64,41316
2018,관악구 신원동,20119,0.55,36580
2018,관악구 은천동,35797,0.78,45894
2018,관악구 인헌동,27293,1.08,25271
2018,관악구 조원동,19824,0.67,29588
2018,관악구 중앙동,15716,0.39,40297
2018,관악구 청룡동,30242,1.18,25629
2018,관악구 청림동,16527,0.3,55090
2018,관악구 행운동,30438,0.72,42275
2018,광진구 광장동,36309,2.39,15192
2018,광진구 구의1동,23282,0.56,41575
2018,광진구 구의2동,27974,1.39,20125
2018,광진구 구의3동,30476,1.02,29878
2018,광진구 군자동,22029,0.74,29769
2018,광진구 능동,11891,1.1,10810
2018,광진구 자양1동,24476,0.57,42940
2018,광진구 자양2동,27435,1.68,16330
2018,광진구 자양3동,30132,1.2,25110
2018,광진구 자양4동,24054,1.16,20736
2018,광진구 중곡1동,16500,0.62,26613
2018,광진구 중곡2동,22699,0.55,41271
2018,광진구 중곡3동,17843,0.6,29738
2018,광진구 중곡4동,31159,2.32,13431
2018,광진구 화양동,24804,1.16,21383
2018,구로구 가리봉동,16206,0.4,40515
2018,구로구 개봉1동,34658,1.31,26456
2018,구로구 개봉2동,33715,0.8,42144
2018,구로구 개봉3동,22156,0.81,27353
2018,구로구 고척1동,24659,1.16,21258
2018,구로구 고척2동,29543,1.02,28964
2018,구로구 구로1동,21911,1.02,21481
2018,구로구 구로2동,36289,1.76,20619
2018,구로구 구로3동,26974,1.02,26445
2018,구로구 구로4동,27165,0.46,59054
2018,구로구 구로5동,34085,1.03,33092
2018,구로구 수궁동,25461,2.67,9536
2018,구로구 신도림동,37615,1.47,25588
2018,구로구 오류1동,22651,0.59,38392
2018,구로구 오류2동,45398,4.6,9869
2018,금천구 가산동,24459,2.52,9706
2018,금천구 독산1동,41826,2.09,20012
2018,금천구 독산2동,22103,0.6,36838
2018,금천구 독산3동,30702,0.92,33372
2018,금천구 독산4동,18776,0.59,31824
2018,금천구 시흥1동,37078,1.71,21683
2018,금천구 시흥2동,23253,1.26,18455
2018,금천구 시흥3동,11740,1.07,10972
2018,금천구 시흥4동,22747,0.87,26146
2018,금천구 시흥5동,21337,1.39,15350
2018,노원구 공릉1동,39990,1.41,28362
2018,노원구 공릉2동,41539,6.82,6091
2018,노원구 상계10동,17021,0.8,21276
2018,노원구 상계1동,41010,5.62,7297
2018,노원구 상계2동,21624,0.61,35449
2018,노원구 상계3.4동,26622,5.05,5272
2018,노원구 상계5동,26230,1.01,25970
2018,노원구 상계6.7동,35480,1.11,31964
2018,노원구 상계8동,24427,0.67,36458
2018,노원구 상계9동,22348,0.81,27590
2018,노원구 월계1동,24087,1.16,20765
2018,노원구 월계2동,26692,1.94,13759
2018,노원구 월계3동,32496,1.17,27774
2018,노원구 중계1동,28351,0.63,45002
2018,노원구 중계2.3동,37786,0.9,41984
2018,노원구 중계4동,21841,1.7,12848
2018,노원구 중계본동,26863,1.97,13636
2018,노원구 하계1동,29901,1.55,19291
2018,노원구 하계2동,23852,0.51,46769
2018,도봉구 도봉1동,22839,8.72,2619
2018,도봉구 도봉2동,29028,0.83,34973
2018,도봉구 방학1동,30563,0.69,44294
2018,도봉구 방학2동,21648,0.74,29254
2018,도봉구 방학3동,29336,2.64,11112
2018,도봉구 쌍문1동,22428,1.24,18087
2018,도봉구 쌍문2동,20580,0.54,38111
2018,도봉구 쌍문3동,17406,0.5,34812
2018,도봉구 쌍문4동,20102,0.52,38658
2018,도봉구 창1동,26725,0.88,30369
2018,도봉구 창2동,31351,1.07,29300
2018,도봉구 창3동,15150,0.67,22612
2018,도봉구 창4동,28464,0.96,29650
2018,도봉구 창5동,26029,0.7,37184
2018,동대문구 답십리1동,29492,0.81,36410
2018,동대문구 답십리2동,28970,0.85,34082
2018,동대문구 용신동,31961,1.61,19852
2018,동대문구 이문1동,26940,1.04,25904
2018,동대문구 이문2동,22004,0.69,31890
2018,동대문구 장안1동,39212,1.25,31370
2018,동대문구 장안2동,31649,1.09,29036
2018,동대문구 전농1동,30988,1.19,26040
2018,동대문구 전농2동,20351,0.86,23664
2018,동대문구 제기동,27576,1.18,23369
2018,동대문구 청량리동,22527,1.2,18773
2018,동대문구 회기동,12868,0.76,16932
2018,동대문구 휘경1동,14653,0.63,23259
2018,동대문구 휘경2동,25147,1.05,23950
2018,동작구 노량진1동,32802,1.58,20761
2018,동작구 노량진2동,14307,0.64,22355
2018,동작구 대방동,40360,1.55,26039
2018,동작구 사당1동,24064,0.79,30461
2018,동작구 사당2동,28742,2.75,10452
2018,동작구 사당3동,26762,0.92,29089
2018,동작구 사당4동,15091,0.38,39713
2018,동작구 사당5동,13207,0.57,23170
2018,동작구 상도1동,48317,1.51,31998
2018,동작구 상도2동,27767,0.98,28334
2018,동작구 상도3동,26181,0.6,43635
2018,동작구 상도4동,30264,0.75,40352
2018,동작구 신대방1동,27214,0.62,43894
2018,동작구 신대방2동,21076,1.03,20462
2018,동작구 흑석동,33231,1.68,19780
2018,마포구 공덕동,40506,1.01,40105
2018,마포구 대흥동,13661,0.88,15524
2018,마포구 도화동,22845,0.62,36847
2018,마포구 망원1동,22125,1.13,19580
2018,마포구 망원2동,19641,0.67,29315
2018,마포구 상암동,33550,8.4,3994
2018,마포구 서강동,25622,1.45,17670
2018,마포구 서교동,26264,1.65,15918
2018,마포구 성산1동,20443,0.8,25554
2018,마포구 성산2동,41743,2.07,20166
2018,마포구 신수동,21806,0.78,27956
2018,마포구 아현동,25515,0.76,33572
2018,마포구 연남동,17393,0.64,27177
2018,마포구 염리동,13063,0.43,30379
2018,마포구 용강동,22647,0.84,26961
2018,마포구 합정동,19535,1.72,11358
2018,서대문구 남가좌1동,17199,0.51,33724
2018,서대문구 남가좌2동,24989,0.77,32453
2018,서대문구 북가좌1동,19311,0.52,37137
2018,서대문구 북가좌2동,34237,0.84,40758
2018,서대문구 북아현동,17832,0.46,38765
2018,서대문구 신촌동,23917,2.63,9094
2018,서대문구 연희동,40452,3.05,13263
2018,서대문구 천연동,19044,0.97,19633
2018,서대문구 충현동,18291,1.12,16331
2018,서대문구 홍은1동,24131,1.58,15273
2018,서대문구 홍은2동,29004,2.06,14080
2018,서대문구 홍제1동,23123,1.23,18799
2018,서대문구 홍제2동,14934,1.05,14223
2018,서대문구 홍제3동,16616,0.81,20514
2018,서초구 내곡동,18688,12.68,1474
2018,서초구 반포1동,32109,1.0,32109
2018,서초구 반포2동,16761,1.35,12416
2018,서초구 반포3동,20434,1.28,15964
2018,서초구 반포4동,20600,1.43,14406
2018,서초구 반포본동,12583,1.01,12458
2018,서초구 방배1동,17683,0.7,25261
2018,서초구 방배2동,22491,1.93,11653
2018,서초구 방배3동,22268,2.4,9278
2018,서초구 방배4동,24442,0.98,24941
2018,서초구 방배본동,21746,0.67,32457
2018,서초구 서초1동,21574,1.42,15193
2018,서초구 서초2동,18506,1.24,14924
2018,서초구 서초3동,30754,2.93,10496
2018,서초구 서초4동,31817,0.88,36156
2018,서초구 양재1동,46713,5.76,8110
2018,서초구 양재2동,24032,7.58,3170
2018,서초구 잠원동,34962,1.76,19865
2018,성동구 금호1가동,16191,0.46,35198
2018,성동구 금호2.3가동,24467,0.64,38230
2018,성동구 금호4가동,15488,0.84,18438
2018,성동구 마장동,24157,1.06,22790
2018,성동구 사근동,13408,1.11,12079
2018,성동구 성수1가1동,17570,1.98,8874
2018,성동구 성수1가2동,15786,0.89,17737
2018,성동구 성수2가1동,18317,1.18,15523
2018,성동구 성수2가3동,11915,1.03,11568
2018,성동구 송정동,11778,0.68,17321
2018,성동구 옥수동,27518,1.95,14112
2018,성동구 왕십리2동,18148,0.41,44263
2018,성동구 왕십리도선동,27853,0.72,38685
2018,성동구 용답동,15659,2.32,6750
2018,성동구 응봉동,16405,0.57,28781
2018,성동구 행당1동,16728,0.59,28353
2018,성동구 행당2동,25075,0.42,59702
2018,성북구 길음1동,37829,0.79,47885
2018,성북구 길음2동,11767,0.58,20288
2018,성북구 돈암1동,16404,0.49,33478
2018,성북구 돈암2동,25273,0.48,52652
2018,성북구 동선동,16386,0.73,22447
2018,성북구 보문동,17067,0.56,30477
2018,성북구 삼선동,26971,0.92,29316
2018,성북구 석관동,34046,1.73,19680
2018,성북구 성북동,17902,2.86,6259
2018,성북구 안암동,17260,1.33,12977
2018,성북구 월곡1동,27854,0.81,34388
2018,성북구 월곡2동,20702,1.36,15222
2018,성북구 장위1동,21228,0.7,30326
2018,성북구 장위2동,15069,0.67,22491
2018,성북구 장위3동,11689,0.65,17983
2018,성북구 정릉1동,18642,0.44,42368
2018,성북구 정릉2동,24267,1.17,20741
2018,성북구 정릉3동,17294,3.71,4661
2018,성북구 정릉4동,27161,3.13,8678
2018,성북구 종암동,42876,1.46,29367
2018,송파구 가락1동,1115,1.34,832
2018,송파구 가락2동,34455,0.96,35891
2018,송파구 가락본동,28353,1.13,25091
2018,송파구 거여1동,13339,0.51,26155
2018,송파구 거여2동,17299,0.53,32640
2018,송파구 마천1동,21344,0.58,36800
2018,송파구 마천2동,20684,0.89,23240
2018,송파구 문정1동,21731,0.56,38805
2018,송파구 문정2동,30140,2.2,13700
2018,송파구 방이1동,16631,0.5,33262
2018,송파구 방이2동,25801,0.8,32251
2018,송파구 삼전동,33440,0.95,35200
2018,송파구 석촌동,34760,0.95,36589
2018,송파구 송파1동,26401,0.79,33419
2018,송파구 송파2동,21210,0.53,40019
2018,송파구 오금동,41014,1.65,24857
2018,송파구 오륜동,19244,3.17,6071
2018,송파구 위례동,28835,2.55,11308
2018,송파구 잠실2동,37069,2.18,17004
2018,송파구 잠실3동,36546,1.49,24528
2018,송파구 잠실4동,30089,1.56,19288
2018,송파구 잠실6동,17461,2.79,6258
2018,송파구 잠실7동,10369,0.6,17282
2018,송파구 잠실본동,29756,0.94,31655
2018,송파구 장지동,34892,1.37,25469
2018,송파구 풍납1동,16380,0.77,21273
2018,송파구 풍납2동,25149,1.59,15817
2018,양천구 목1동,32458,1.41,23020
2018,양천구 목2동,31754,1.03,30829
2018,양천구 목3동,23231,0.53,43832
2018,양천구 목4동,27289,0.57,47875
2018,양천구 목5동,43390,1.81,23972
2018,양천구 신월1동,22379,0.65,34429
2018,양천구 신월2동,22853,0.61,37464
2018,양천구 신월3동,17186,0.87,19754
2018,양천구 신월4동,19335,0.52,37183
2018,양천구 신월5동,15759,0.69,22839
2018,양천구 신월6동,6815,0.41,16622
2018,양천구 신월7동,22347,1.19,18779
2018,양천구 신정1동,21677,0.7,30967
2018,양천구 신정2동,20987,0.52,40360
2018,양천구 신정3동,48799,2.72,17941
2018,양천구 신정4동,36193,1.01,35835
2018,양천구 신정6동,25500,0.96,26563
2018,양천구 신정7동,30193,1.21,24953
2018,영등포구 당산1동,21361,0.75,28481
2018,영등포구 당산2동,36191,1.55,23349
2018,영등포구 대림1동,17030,0.49,34755
2018,영등포구 대림2동,22231,0.55,40420
2018,영등포구 대림3동,29519,0.95,31073
2018,영등포구 도림동,22178,0.89,24919
2018,영등포구 문래동,32255,1.49,21648
2018,영등포구 신길1동,19696,0.66,29842
2018,영등포구 신길3동,17563,0.52,33775
2018,영등포구 신길4동,10425,0.35,29786
2018,영등포구 신길5동,11649,0.47,24785
2018,영등포구 신길6동,19801,0.68,29119
2018,영등포구 신길7동,17216,0.64,26900
2018,영등포구 양평1동,17959,0.88,20408
2018,영등포구 양평2동,22962,3.0,7654
2018,영등포구 여의도동,33973,8.4,4044
2018,영등포구 영등포동,26111,1.26,20723
2018,영등포구 영등포본동,25480,1.02,24980
2018,용산구 남영동,8501,1.19,7144
2018,용산구 보광동,16124,0.71,22710
2018,용산구 서빙고동,14257,2.8,5092
2018,용산구 용문동,12757,0.28,45561
2018,용산구 용산2가동,12107,1.96,6177
2018,용산구 원효로1동,16034,0.59,27176
2018,용산구 원효로2동,15064,0.71,21217
2018,용산구 이촌1동,29341,2.86,10259
2018,용산구 이촌2동,9090,1.22,7451
2018,용산구 이태원1동,9315,0.57,16342
2018,용산구 이태원2동,10927,0.86,12706
2018,용산구 청파동,20922,0.91,22991
2018,용산구 한강로동,19209,2.9,6624
2018,용산구 한남동,23685,3.01,7869
2018,용산구 효창동,9054,0.44,20577
2018,용산구 후암동,18703,0.86,21748
2018,은평구 갈현1동,25191,0.97,25970
2018,은평구 갈현2동,30692,0.96,31971
2018,은평구 구산동,34132,1.38,24733
2018,은평구 녹번동,34901,1.79,19498
2018,은평구 대조동,32608,0.85,38362
2018,은평구 불광1동,41585,3.13,13286
2018,은평구 불광2동,29914,1.38,21677
2018,은평구 수색동,11266,1.29,8733
2018,은평구 신사1동,28926,0.84,34436
2018,은평구 신사2동,22247,1.0,22247
2018,은평구 역촌동,49617,1.16,42773
2018,은평구 응암1동,26185,1.2,21821
2018,은평구 응암2동,21086,0.78,27033
2018,은평구 응암3동,26417,0.63,41932
2018,은평구 증산동,16412,0.81,20262
2018,은평구 진관동,56487,11.53,4899
2018,종로구 가회동,4546,0.54,8419
2018,종로구 교남동,10846,0.35,30989
2018,종로구 무악동,8260,0.36,22944
2018,종로구 부암동,10537,2.27,4642
2018,종로구 사직동,9818,1.23,7982
2018,종로구 삼청동,3073,1.49,2062
2018,종로구 숭인1동,6723,0.23,29230
2018,종로구 숭인2동,10088,0.35,28823
2018,종로구 이화동,8621,0.78,11053
2018,종로구 종로1.2.3.4가동,8462,2.35,3601
2018,종로구 종로5·6가동,5597,0.6,9328
2018,종로구 창신1동,6237,0.31,20119
2018,종로구 창신2동,10015,0.26,38519
2018,종로구 창신3동,7439,0.23,32343
2018,종로구 청운효자동,13293,2.57,5172
2018,종로구 평창동,19105,8.87,2154
2018,종로구 혜화동,20366,1.12,18184
2018,중구 광희동,6057,0.74,8185
2018,중구 다산동,15113,0.51,29633
2018,중구 동화동,11219,0.26,43150
2018,중구 명동,3470,0.99,3505
2018,중구 소공동,2936,0.95,3091
2018,중구 신당5동,9691,0.39,24849
2018,중구 신당동,9419,0.55,17125
2018,중구 약수동,17973,0.48,37444
2018,중구 을지로동,1901,0.6,3168
2018,중구 장충동,5653,1.36,4157
2018,중구 중림동,12980,0.48,27042
2018,중구 청구동,14844,0.34,43659
2018,중구 필동,5045,1.14,4425
2018,중구 황학동,13380,0.33,40545
2018,중구 회현동,5952,0.84,7086
2018,중랑구 망우3동,18334,0.99,18519
2018,중랑구 망우본동,31792,2.88,11039
2018,중랑구 면목2동,26482,0.73,36277
2018,중랑구 면목3.8동,27139,1.67,16251
2018,중랑구 면목4동,20730,1.11,18676
2018,중랑구 면목5동,10071,0.64,15736
2018,중랑구 면목7동,22258,0.87,25584
2018,중랑구 면목본동,36558,1.01,36196
2018,중랑구 묵1동,36233,1.2,30194
2018,중랑구 묵2동,20355,0.7,29079
2018,중랑구 상봉1동,25619,0.85,30140
2018,중랑구 상봉2동,19243,0.68,28299
2018,중랑구 신내1동,41264,2.53,16310
2018,중랑구 신내2동,22379,0.99,22605
2018,중랑구 중화1동,21030,0.68,30926
2018,중랑구 중화2동,28660,0.98,29245
2019,강남구 개포1동,6920,1.27,5449
2019,강남구 개포2동,22049,2.51,8784
2019,강남구 개포4동,18405,1.49,12352
2019,강남구 논현1동,23792,1.25,19034
2019,강남구 논현2동,21904,1.47,14901
2019,강남구 대치1동,25302,0.79,32028
2019,강남구 대치2동,38647,2.0,19324
2019,강남구 대치4동,20822,0.73,28523
2019,강남구 도곡1동,22626,1.02,22182
2019,강남구 도곡2동,34437,1.02,33762
2019,강남구 삼성1동,14920,1.94,7691
2019,강남구 삼성2동,30674,1.24,24737
2019,강남구 세곡동,45064,6.36,7086
2019,강남구 수서동,15934,1.43,11143
2019,강남구 신사동,17546,1.89,9284
2019,강남구 압구정동,27712,2.53,10953
2019,강남구 역삼1동,37002,2.35,15746
2019,강남구 역삼2동,37336,1.15,32466
2019,강남구 일원1동,16438,0.92,17867
2019,강남구 일원2동,18160,1.24,14645
2019,강남구 일원본동,24399,2.58,9457
2019,강남구 청담동,30120,2.33,12927
2019,강동구 강일동,32127,2.8,11474
2019,강동구 고덕1동,27079,1.73,15653
2019,강동구 고덕2동,19345,2.01,9624
2019,강동구 길동,46367,2.17,21367
2019,강동구 둔촌2동,27752,0.98,28318
2019,강동구 명일1동,26758,0.61,43866
2019,강동구 명일2동,17778,0.97,18328
2019,강동구 상일동,10773,2.65,4065
2019,강동구 성내1동,20561,0.58,35450
2019,강동구 성내2동,25186,0.67,37591
2019,강동구 성내3동,23921,0.71,33692
2019,강동구 암사1동,36693,1.02,35974
2019,강동구 암사2동,14774,1.18,12520
2019,강동구 암사3동,18693,2.51,7447
2019,강동구 천호1동,28400,0.71,40000
2019,강동구 천호2동,35904,1.57,22869
2019,강동구 천호3동,27996,0.79,35438
2019,강북구 미아동,22814,0.93,24531
2019,강북구 번1동,19614,0.66,29718
2019,강북구 번2동,17102,0.95,18002
2019,강북구 번3동,18251,1.1,16592
2019,강북구 삼각산동,32900,0.62,53065
2019,강북구 삼양동,25537,0.91,28063
2019,강북구 송중동,31153,1.01,30845
2019,강북구 송천동,28628,0.9,31809
2019,강북구 수유1동,21841,1.67,13078
2019,강북구 수유2동,21939,0.57,38489
2019,강북구 수유3동,24064,0.72,33422
2019,강북구 우이동,21391,10.28,2081
2019,강북구 인수동,32461,3.28,9897
2019,강서구 가양1동,34154,4.7,7267
2019,강서구 가양2동,15140,1.0,15140
2019,강서구 가양3동,16199,0.99,16363
2019,강서구 공항동,28261,10.87,2600
2019,강서구 등촌1동,23717,0.59,40198
2019,강서구 등촌2동,21868,0.92,23770
2019,강서구 등촌3동,32506,0.79,41147
2019,강서구 발산1동,38507,2.96,13009
2019,강서구 방화1동,45668,1.04,43912
2019,강서구 방화2동,24051,6.41,3752
2019,강서구 방화3동,24467,2.38,10280
2019,강서구 염창동,42579,1.74,24471
2019,강서구 우장산동,44808,1.36,32947
2019,강서구 화곡1동,54562,1.12,48716
2019,강서구 화곡2동,19487,0.47,41462
2019,강서구 화곡3동,22710,0.51,44529
2019,강서구 화곡4동,22044,0.82,26883
2019,강서구 화곡6동,25118,1.12,22427
2019,강서구 화곡8동,26509,0.53,50017
2019,강서구 화곡본동,35918,1.11,32359
2019,관악구 낙성대동,17623,2.27,7763
2019,관악구 난곡동,28912,0.96,30117
2019,관악구 난향동,16394,0.8,20493
2019,관악구 남현동,18980,3.27,5804
2019,관악구 대학동,24457,8.3,2947
2019,관악구 미성동,32751,1.38,23733
2019,관악구 보라매동,26496,0.76,34863
2019,관악구 삼성동,25226,2.66,9483
2019,관악구 서림동,24339,0.99,24585
2019,관악구 서원동,24068,0.65,37028
2019,관악구 성현동,31175,0.68,45846
2019,관악구 신림동,22525,0.54,41713
2019,관악구 신사동,25960,0.64,40563
2019,관악구 신원동,19742,0.55,35895
2019,관악구 은천동,35337,0.78,45304
2019,관악구 인헌동,27088,1.08,25081
2019,관악구 조원동,19579,0.67,29222
2019,관악구 중앙동,15895,0.39,40756
2019,관악구 청룡동,34440,1.18,29186
2019,관악구 청림동,16286,0.3,54287
2019,관악구 행운동,30061,0.72,41751
2019,광진구 광장동,36083,2.39,15097
2019,광진구 구의1동,23063,0.56,41184
2019,광진구 구의2동,27902,1.39,20073
2019,광진구 구의3동,30094,1.02,29504
2019,광진구 군자동,22109,0.74,29877
2019,광진구 능동,11978,1.1,10889
2019,광진구 자양1동,24156,0.57,42379
2019,광진구 자양2동,26893,1.68,16008
2019,광진구 자양3동,29475,1.2,24563
2019,광진구 자양4동,23000,1.16,19828
2019,광진구 중곡1동,16287,0.62,26269
2019,광진구 중곡2동,22564,0.55,41025
2019,광진구 중곡3동,17315,0.6,28858
2019,광진구 중곡4동,30516,2.32,13153
2019,광진구 화양동,25537,1.16,22015
2019,구로구 가리봉동,15250,0.4,38125
2019,구로구 개봉1동,33835,1.31,25828
2019,구로구 개봉2동,33036,0.8,41295
2019,구로구 개봉3동,22005,0.81,27167
2019,구로구 고척1동,24182,1.16,20847
2019,구로구 고척2동,28950,1.02,28382
2019,구로구 구로1동,22097,1.02,21664
2019,구로구 구로2동,35208,1.76,20005
2019,구로구 구로3동,26290,1.02,25775
2019,구로구 구로4동,26219,0.46,56998
2019,구로구 구로5동,33426,1.03,32452
2019,구로구 수궁동,24890,2.67,9322
2019,구로구 신도림동,37188,1.47,25298
2019,구로구 오류1동,23295,0.59,39483
2019,구로구 오류2동,53500,4.6,11630
2019,금천구 가산동,24455,2.52,9704
2019,금천구 독산1동,43840,2.09,20976
2019,금천구 독산2동,21405,0.6,35675
2019,금천구 독산3동,29916,0.92,32517
2019,금천구 독산4동,18227,0.59,30893
2019,금천구 시흥1동,36706,1.71,21465
2019,금천구 시흥2동,22659,1.26,17983
2019,금천구 시흥3동,11524,1.07,10770
2019,금천구 시흥4동,22216,0.87,25536
2019,금천구 시흥5동,20872,1.39,15016
2019,노원구 공릉1동,39040,1.41,27688
2019,노원구 공릉2동,41071,6.82,6022
2019,노원구 상계10동,16619,0.8,20774
2019,노원구 상계1동,40121,5.62,7139
2019,노원구 상계2동,21220,0.61,34787
2019,노원구 상계3.4동,25818,5.62,4594
2019,노원구 상계5동,25483,0.44,57916
2019,노원구 상계6.7동,34648,1.11,31214
2019,노원구 상계8동,23953,0.67,35751
2019,노원구 상계9동,21919,0.81,27060
2019,노원구 월계1동,23883,1.16,20589
2019,노원구 월계2동,27289,1.94,14066
2019,노원구 월계3동,31593,1.17,27003
2019,노원구 중계1동,28061,0.63,44541
2019,노원구 중계2.3동,36763,0.9,40848
2019,노원구 중계4동,21324,1.7,12544
2019,노원구 중계본동,25875,1.97,13135
2019,노원구 하계1동,29305,1.55,18906
2019,노원구 하계2동,23318,0.51,45722
2019,도봉구 도봉1동,22293,8.72,2557
2019,도봉구 도봉2동,28677,0.83,34551
2019,도봉구 방학1동,30056,0.69,43559
2019,도봉구 방학2동,21140,0.74,28568
2019,도봉구 방학3동,28782,2.64,10902
2019,도봉구 쌍문1동,22364,1.24,18035
2019,도봉구 쌍문2동,20025,0.54,37083
2019,도봉구 쌍문3동,17262,0.5,34524
2019,도봉구 쌍문4동,19811,0.52,38098
2019,도봉구 창1동,26271,0.88,29853
2019,도봉구 창2동,30498,1.07,28503
2019,도봉구 창3동,14777,0.67,22055
2019,도봉구 창4동,27873,0.96,29034
2019,도봉구 창5동,25802,0.7,36860
2019,동대문구 답십리1동,29783,0.81,36769
2019,동대문구 답십리2동,30486,0.85,35866
2019,동대문구 용신동,32144,1.61,19965
2019,동대문구 이문1동,22311,1.04,21453
2019,동대문구 이문2동,21174,0.69,30687
2019,동대문구 장안1동,39153,1.25,31322
2019,동대문구 장안2동,33045,1.09,30317
2019,동대문구 전농1동,31075,1.19,26113
2019,동대문구 전농2동,19990,0.86,23244
2019,동대문구 제기동,27364,1.18,23190
2019,동대문구 청량리동,21808,1.2,18173
2019,동대문구 회기동,13114,0.76,17255
2019,동대문구 휘경1동,16508,0.63,26203
2019,동대문구 휘경2동,25068,1.05,23874
2019,동작구 노량진1동,32563,1.58,20609
2019,동작구 노량진2동,13789,0.64,21545
2019,동작구 대방동,40177,1.55,25921
2019,동작구 사당1동,24026,0.79,30413
2019,동작구 사당2동,28290,2.75,10287
2019,동작구 사당3동,26034,0.92,28298
2019,동작구 사당4동,14921,0.38,39266
2019,동작구 사당5동,12886,0.57,22607
2019,동작구 상도1동,48153,1.51,31889
2019,동작구 상도2동,29270,0.98,29867
2019,동작구 상도3동,26041,0.6,43402
2019,동작구 상도4동,29893,0.75,39857
2019,동작구 신대방1동,26599,0.62,42902
2019,동작구 신대방2동,20719,1.03,20116
2019,동작구 흑석동,35551,1.68,21161
2019,마포구 공덕동,40509,1.01,40108
2019,마포구 대흥동,13575,0.88,15426
2019,마포구 도화동,22594,0.62,36442
2019,마포구 망원1동,21856,1.13,19342
2019,마포구 망원2동,19386,0.67,28934
2019,마포구 상암동,32882,8.4,3915
2019,마포구 서강동,26163,1.45,18043
2019,마포구 서교동,25997,1.65,15756
2019,마포구 성산1동,20164,0.8,25205
2019,마포구 성산2동,41531,2.07,20063
2019,마포구 신수동,23877,0.78,30612
2019,마포구 아현동,25358,0.76,33366
2019,마포구 연남동,16953,0.64,26489
2019,마포구 염리동,13486,0.43,31363
2019,마포구 용강동,22441,0.84,26715
2019,마포구 합정동,19153,1.72,11135
2019,서대문구 남가좌1동,16918,0.51,33173
2019,서대문구 남가좌2동,25947,0.77,33697
2019,서대문구 북가좌1동,19160,0.55,34836
2019,서대문구 북가좌2동,33810,0.84,40250
2019,서대문구 북아현동,17525,0.46,38098
2019,서대문구 신촌동,24372,2.63,9267
2019,서대문구 연희동,41339,3.05,13554
2019,서대문구 천연동,18704,0.97,19282
2019,서대문구 충현동,18113,1.12,16172
2019,서대문구 홍은1동,22902,1.58,14495
2019,서대문구 홍은2동,28394,2.06,13783
2019,서대문구 홍제1동,24997,1.23,20323
2019,서대문구 홍제2동,14570,1.05,13876
2019,서대문구 홍제3동,16420,0.81,20272
2019,서초구 내곡동,18481,12.68,1457
2019,서초구 반포1동,33237,1.0,33237
2019,서초구 반포2동,16385,1.35,12137
2019,서초구 반포3동,20390,1.28,15930
2019,서초구 반포4동,20232,1.43,14148
2019,서초구 반포본동,12190,1.01,12069
2019,서초구 방배1동,17524,0.7,25034
2019,서초구 방배2동,20958,1.93,10859
2019,서초구 방배3동,22455,2.4,9356
2019,서초구 방배4동,24083,0.98,24574
2019,서초구 방배본동,21585,0.67,32216
2019,서초구 서초1동,21579,1.42,15196
2019,서초구 서초2동,18837,1.24,15191
2019,서초구 서초3동,30951,2.93,10563
2019,서초구 서초4동,31988,0.88,36350
2019,서초구 양재1동,45940,5.76,7976
2019,서초구 양재2동,23161,7.58,3056
2019,서초구 잠원동,35131,1.76,19961
2019,성동구 금호1가동,15954,0.46,34683
2019,성동구 금호2.3가동,24171,0.64,37767
2019,성동구 금호4가동,15227,0.84,18127
2019,성동구 마장동,24035,1.05,22890
2019,성동구 사근동,13543,1.1,12312
2019,성동구 성수1가1동,17168,1.98,8671
2019,성동구 성수1가2동,14735,0.89,16556
2019,성동구 성수2가1동,17722,1.18,15019
2019,성동구 성수2가3동,11682,1.03,11342
2019,성동구 송정동,11428,0.75,15237
2019,성동구 옥수동,27222,1.95,13960
2019,성동구 왕십리2동,17744,0.41,43278
2019,성동구 왕십리도선동,27767,0.72,38565
2019,성동구 용답동,13290,2.32,5728
2019,성동구 응봉동,16188,0.57,28400
2019,성동구 행당1동,16463,0.59,27903
2019,성동구 행당2동,24640,0.42,58667
2019,성북구 길음1동,37082,0.79,46939
2019,성북구 길음2동,16620,0.58,28655
2019,성북구 돈암1동,15921,0.49,32492
2019,성북구 돈암2동,25028,0.48,52142
2019,성북구 동선동,16276,0.73,22296
2019,성북구 보문동,16653,0.56,29738
2019,성북구 삼선동,26013,0.92,28275
2019,성북구 석관동,36507,1.73,21102
2019,성북구 성북동,17584,2.86,6148
2019,성북구 안암동,17502,1.33,13159
2019,성북구 월곡1동,27523,0.81,33979
2019,성북구 월곡2동,20509,1.36,15080
2019,성북구 장위1동,20592,0.7,29417
2019,성북구 장위2동,13972,0.67,20854
2019,성북구 장위3동,17580,0.65,27046
2019,성북구 정릉1동,19455,0.44,44216
2019,성북구 정릉2동,23834,1.17,20371
2019,성북구 정릉3동,17233,3.71,4645
2019,성북구 정릉4동,26792,3.13,8560
2019,성북구 종암동,42068,1.46,28814
2019,송파구 가락1동,27716,1.34,20684
2019,송파구 가락2동,33920,0.96,35333
2019,송파구 가락본동,27876,1.13,24669
2019,송파구 거여1동,13221,0.51,25924
2019,송파구 거여2동,16921,0.53,31926
2019,송파구 마천1동,20764,0.58,35800
2019,송파구 마천2동,20242,0.89,22744
2019,송파구 문정1동,21301,0.56,38038
2019,송파구 문정2동,29967,2.2,13621
2019,송파구 방이1동,16524,0.5,33048
2019,송파구 방이2동,26044,0.8,32555
2019,송파구 삼전동,32613,0.95,34329
2019,송파구 석촌동,34309,0.95,36115
2019,송파구 송파1동,26026,0.79,32944
2019,송파구 송파2동,20862,0.53,39362
2019,송파구 오금동,41067,1.65,24889
2019,송파구 오륜동,18864,3.17,5951
2019,송파구 위례동,28296,2.55,11096
2019,송파구 잠실2동,36809,2.18,16885
2019,송파구 잠실3동,36038,1.49,24187
2019,송파구 잠실4동,22240,1.56,14256
2019,송파구 잠실6동,17441,2.79,6251
2019,송파구 잠실7동,10191,0.6,16985
2019,송파구 잠실본동,29628,0.94,31519
2019,송파구 장지동,33055,1.37,24128
2019,송파구 풍납1동,15518,0.77,20153
2019,송파구 풍납2동,25288,1.59,15904
2019,양천구 목1동,32173,1.41,22818
2019,양천구 목2동,31477,1.03,30560
2019,양천구 목3동,23095,0.53,43575
2019,양천구 목4동,26909,0.57,47209
2019,양천구 목5동,42948,1.81,23728
2019,양천구 신월1동,21773,0.65,33497
2019,양천구 신월2동,22126,0.61,36272
2019,양천구 신월3동,16719,0.87,19217
2019,양천구 신월4동,19026,0.52,36588
2019,양천구 신월5동,15570,0.69,22565
2019,양천구 신월6동,6615,0.41,16134
2019,양천구 신월7동,21602,1.19,18153
2019,양천구 신정1동,21627,0.7,30896
2019,양천구 신정2동,20685,0.52,39779
2019,양천구 신정3동,48151,2.72,17703
2019,양천구 신정4동,35581,1.01,35229
2019,양천구 신정6동,25304,0.96,26358
2019,양천구 신정7동,30904,1.21,25540
2019,영등포구 당산1동,21524,0.75,28699
2019,영등포구 당산2동,36324,1.55,23435
2019,영등포구 대림1동,16332,0.49,33331
2019,영등포구 대림2동,21370,0.55,38855
2019,영등포구 대림3동,28638,0.95,30145
2019,영등포구 도림동,21552,0.89,24216
2019,영등포구 문래동,31963,1.49,21452
2019,영등포구 신길1동,19750,0.66,29924
2019,영등포구 신길3동,18727,0.52,36013
2019,영등포구 신길4동,9985,0.35,28529
2019,영등포구 신길5동,10670,0.47,22702
2019,영등포구 신길6동,19434,0.68,28579
2019,영등포구 신길7동,17075,0.64,26680
2019,영등포구 양평1동,18263,0.88,20753
2019,영등포구 양평2동,22802,3.0,7601
2019,영등포구 여의도동,34598,8.4,4119
2019,영등포구 영등포동,27166,1.26,21560
2019,영등포구 영등포본동,24813,1.02,24326
2019,용산구 남영동,8412,1.19,7069
2019,용산구 보광동,15862,0.71,22341
2019,용산구 서빙고동,14102,2.8,5036
2019,용산구 용문동,12587,0.28,44954
2019,용산구 용산2가동,11836,1.96,6039
2019,용산구 원효로1동,16630,0.59,28186
2019,용산구 원효로2동,14718,0.71,20730
2019,용산구 이촌1동,29255,2.86,10229
2019,용산구 이촌2동,9005,1.22,7381
2019,용산구 이태원1동,9222,0.57,16179
2019,용산구 이태원2동,10811,0.86,12571
2019,용산구 청파동,20661,0.91,22704
2019,용산구 한강로동,19635,2.9,6771
2019,용산구 한남동,23704,3.01,7875
2019,용산구 효창동,10300,0.44,23409
2019,용산구 후암동,18445,0.86,21448
2019,은평구 갈현1동,24536,0.97,25295
2019,은평구 갈현2동,30150,0.96,31406
2019,은평구 구산동,33804,1.38,24496
2019,은평구 녹번동,38411,1.79,21459
2019,은평구 대조동,27910,0.85,32835
2019,은평구 불광1동,40917,3.13,13073
2019,은평구 불광2동,29552,1.38,21414
2019,은평구 수색동,8952,1.29,6940
2019,은평구 신사1동,28570,0.84,34012
2019,은평구 신사2동,21875,1.0,21875
2019,은평구 역촌동,48490,1.16,41802
2019,은평구 응암1동,25654,1.2,21378
2019,은평구 응암2동,25466,0.78,32649
2019,은평구 응암3동,26081,0.63,41398
2019,은평구 증산동,16172,0.81,19965
2019,은평구 진관동,58006,11.53,5031
2019,종로구 가회동,4488,0.54,8311
2019,종로구 교남동,10708,0.35,30594
2019,종로구 무악동,8740,0.36,24278
2019,종로구 부암동,10551,2.27,4648
2019,종로구 사직동,9815,1.23,7980
2019,종로구 삼청동,2997,1.49,2011
2019,종로구 숭인1동,6532,0.23,28400
2019,종로구 숭인2동,9902,0.35,28291
2019,종로구 이화동,8470,0.78,10859
2019,종로구 종로1.2.3.4가동,8446,2.35,3594
2019,종로구 종로5·6가동,5839,0.6,9732
2019,종로구 창신1동,6079,0.31,19610
2019,종로구 창신2동,9799,0.26,37688
2019,종로구 창신3동,7271,0.23,31613
2019,종로구 청운효자동,12981,2.57,5051
2019,종로구 평창동,18816,8.87,2121
2019,종로구 혜화동,20435,1.12,18246
2019,중구 광희동,6284,0.74,8492
2019,중구 다산동,15035,0.51,29480
2019,중구 동화동,10995,0.26,42288
2019,중구 명동,3567,0.99,3603
2019,중구 소공동,3059,0.95,3220
2019,중구 신당5동,10929,0.39,28023
2019,중구 신당동,9234,0.55,16789
2019,중구 약수동,17734,0.48,36946
2019,중구 을지로동,2007,0.6,3345
2019,중구 장충동,5628,1.36,4138
2019,중구 중림동,12942,0.48,26963
2019,중구 청구동,14515,0.34,42691
2019,중구 필동,5020,1.14,4404
2019,중구 황학동,13689,0.33,41482
2019,중구 회현동,5850,0.84,6964
2019,중랑구 망우3동,17941,0.99,18122
2019,중랑구 망우본동,31071,2.88,10789
2019,중랑구 면목2동,25942,0.73,35537
2019,중랑구 면목3.8동,26589,1.67,15922
2019,중랑구 면목4동,20052,1.1,18229
2019,중랑구 면목5동,9825,0.64,15352
2019,중랑구 면목7동,22200,0.87,25517
2019,중랑구 면목본동,36195,1.01,35837
2019,중랑구 묵1동,36016,1.2,30013
2019,중랑구 묵2동,19901,0.7,28430
2019,중랑구 상봉1동,25499,0.85,29999
2019,중랑구 상봉2동,19844,0.68,29182
2019,중랑구 신내1동,40854,2.53,16148
2019,중랑구 신내2동,21905,0.99,22126
2019,중랑구 중화1동,20916,0.68,30759
2019,중랑구 중화2동,27274,0.98,27831
